Nancy,Bell,1-(415)836-9059,7074 Clove Circle,fakeCity,California,nbell0@paginegialle.it,94164Shirley,Garza,1-(215)138-5880,0657 Main Center,fakeCity,Pennsylvania,sgarza1@nbcnews.com,19125Julie,Scott,1-(404)635-7601,25 Fordem Junction,fakeCity,Georgia,jscott2@paypal.com,30356Edward,Daniels,1-(770)593-9372,144 Nelson Place,fakeCity,Georgia,edaniels3@about.me,31119Lisa,Jones,1-(603)772-4194,8 Fair Oaks Park,fakeCity,New Hampshire,ljones4@admin.ch,214Samuel,Sims,1-(206)457-1229,30224 Prairieview Avenue,fakeCity,Washington,ssims5@vinaora.com,98195George,Morgan,1-(941)211-5244,8116 Bluejay Circle,fakeCity,Florida,gmorgan6@miitbeian.gov.cn,33982Willie,Robertson,1-(317)591-0046,667 Loftsgordon Plaza,fakeCity,Indiana,wrobertson7@reference.com,46231Amy,Lawson,1-(267)444-6291,49 Ramsey Court,fakeCity,Pennsylvania,alawson8@xrea.com,19120Carol,Jacobs,1-(520)544-1296,5359 Gerald Park,fakeCity,Arizona,cjacobs9@cnet.com,85737Ruby,Carroll,1-(646)864-1865,65504 Waywood Terrace,fakeCity,New York,rcarrolla@is.gd,10029Jennifer,Gutierrez,1-(916)537-6885,70075 Kim Trail,fakeCity,California,jgutierrezb@homestead.com,94263Irene,Hawkins,1-(561)986-6935,29381 Delaware Center,fakeCity,Florida,ihawkinsc@eepurl.com,33467Helen,Mitchell,1-(317)563-8306,3484 Blue Bill Park Circle,fakeCity,Indiana,hmitchelld@weebly.com,46216Terry,Torres,1-(239)163-6165,76 Esker Way,fakeCity,Florida,ttorrese@squarespace.com,33963Clarence,Edwards,1-(941)765-7742,9 Memorial Parkway,fakeCity,Florida,cedwardsf@dmoz.org,34108Justin,Duncan,1-(315)978-1683,7649 Glacier Hill Parkway,fakeCity,New York,jduncang@w3.org,13251Sharon,Long,1-(484)783-3967,7394 Heath Drive,fakeCity,Pennsylvania,slongh@tmall.com,19610Margaret,Robertson,1-(806)825-1861,66 Ruskin Street,fakeCity,Texas,mrobertsoni@abc.net.au,79405Wanda,Harper,1-(571)851-1884,8599 Park Meadow Center,fakeCity,Virginia,wharperj@arizona.edu,20189Donald,Hernandez,1-(336)525-6860,9 Dunning Parkway,fakeCity,North Carolina,dhernandezk@examiner.com,27409Fred,Cook,1-(985)309-1415,5131 Mayfield Lane,fakeCity,Louisiana,fcookl@salon.com,70124Judy,Stevens,1-(518)333-5244,09106 Calypso Place,fakeCity,New York,jstevensm@engadget.com,12227Alan,Ortiz,1-(520)984-0984,6548 Crescent Oaks Center,fakeCity,Arizona,aortizn@google.com.br,85705Robin,Lewis,1-(316)108-5820,4 Moulton Place,fakeCity,Kansas,rlewiso@umn.edu,67220Janice,Dunn,1-(806)908-5535,383 Arrowood Road,fakeCity,Texas,jdunnp@hud.gov,79405Joyce,Russell,1-(601)768-8629,8 Lawn Center,fakeCity,Mississippi,jrussellq@usa.gov,39204Daniel,Graham,1-(817)974-5626,00349 Pond Avenue,fakeCity,Texas,dgrahamr@loc.gov,76110Pamela,Romero,1-(808)170-9801,63 Pankratz Avenue,fakeCity,Hawaii,promeros@ow.ly,96805Dorothy,Hicks,1-(563)382-2702,47 Portage Pass,fakeCity,Iowa,dhickst@ycombinator.com,52804Diana,Johnston,1-(505)604-5952,8724 Daystar Court,fakeCity,New Mexico,djohnstonu@cnbc.com,87115Steve,Ray,1-(678)463-3288,33 Mitchell Drive,fakeCity,Georgia,srayv@accuweather.com,30022Lori,Castillo,1-(202)622-7735,7319 Mosinee Plaza,fakeCity,District of Columbia,lcastillow@digg.com,20409Kevin,Vasquez,1-(619)112-8352,83771 Fairfield Road,fakeCity,California,kvasquezx@jigsy.com,92170Stephen,Bishop,1-(719)505-2416,9605 Tennessee Trail,fakeCity,Colorado,sbishopy@sfgate.com,80935Dorothy,Bell,1-(704)558-5899,6 Bluejay Way,fakeCity,North Carolina,dbellz@washingtonpost.com,28247Deborah,Roberts,1-(941)372-5036,36722 Old Gate Plaza,fakeCity,Florida,droberts10@nymag.com,34205Julia,Fuller,1-(619)983-6360,4 Ronald Regan Center,fakeCity,California,jfuller11@symantec.com,92170Tina,Spencer,1-(713)532-2738,88 Brentwood Hill,fakeCity,Texas,tspencer12@oracle.com,77201Victor,Rivera,1-(940)979-4764,7 Forest Center,fakeCity,Texas,vrivera13@foxnews.com,76205Sara,Carroll,1-(717)439-9863,3 Buena Vista Pass,fakeCity,Pennsylvania,scarroll14@independent.co.uk,17121Tammy,Stewart,1-(202)711-3008,59 Lien Way,fakeCity,District of Columbia,tstewart15@xinhuanet.com,20575Douglas,Mccoy,1-(513)700-3518,64 Comanche Court,fakeCity,Ohio,dmccoy16@cpanel.net,45218Marie,Gardner,1-(801)201-5048,28744 Moulton Circle,fakeCity,Utah,mgardner17@wordpress.org,84145Anna,Elliott,1-(937)848-0455,1268 8th Court,fakeCity,Ohio,aelliott18@behance.net,45505Thomas,Campbell,1-(412)904-6285,1030 Mandrake Plaza,fakeCity,Pennsylvania,tcampbell19@vkontakte.ru,15225Donald,Frazier,1-(757)302-6325,0548 Lerdahl Point,fakeCity,Virginia,dfrazier1a@forbes.com,23668Joyce,Owens,1-(318)207-8008,1999 Brickson Park Avenue,fakeCity,Louisiana,jowens1b@mac.com,71137Mildred,Gardner,1-(704)609-8885,6160 Maryland Avenue,fakeCity,North Carolina,mgardner1c@pcworld.com,28230Thomas,Jones,1-(404)527-5824,602 Sullivan Street,fakeCity,Georgia,tjones1d@theguardian.com,30022Clarence,Ortiz,1-(816)991-5437,907 Moulton Place,fakeCity,Missouri,cortiz1e@imageshack.us,64125Justin,Vasquez,1-(973)282-0561,90 Buena Vista Trail,fakeCity,New Jersey,jvasquez1f@yellowpages.com,7505Terry,Diaz,1-(210)980-9265,02157 Kinsman Park,fakeCity,Texas,tdiaz1g@xing.com,78210Fred,Brown,1-(361)176-8628,02 Sommers Way,fakeCity,Texas,fbrown1h@aboutads.info,78465Anne,King,1-(717)755-9614,4 Haas Point,fakeCity,Pennsylvania,aking1i@timesonline.co.uk,17105Henry,Sullivan,1-(225)483-9142,95 Anzinger Avenue,fakeCity,Louisiana,hsullivan1j@godaddy.com,70836Marilyn,Parker,1-(714)428-3508,0470 Merrick Way,fakeCity,California,mparker1k@telegraph.co.uk,92710Heather,Holmes,1-(517)312-1739,0273 Riverside Place,fakeCity,Michigan,hholmes1l@flickr.com,48919Adam,Montgomery,1-(916)246-0667,10429 Green Road,fakeCity,California,amontgomery1m@printfriendly.com,95833Anna,Fowler,1-(951)131-6900,409 Valley Edge Way,fakeCity,California,afowler1n@wufoo.com,92519Aaron,Snyder,1-(202)411-5348,192 Crest Line Alley,fakeCity,District of Columbia,asnyder1o@dmoz.org,20420Jacqueline,Green,1-(510)570-5242,1441 Lakewood Place,fakeCity,California,jgreen1p@trellian.com,94627Gary,Lopez,1-(804)625-6240,6 Pepper Wood Parkway,fakeCity,Virginia,glopez1q@ca.gov,23203Martin,Gomez,1-(718)614-6330,1 Novick Pass,fakeCity,New York,mgomez1r@about.me,10459Ruby,Robertson,1-(561)789-7169,8 Toban Drive,fakeCity,Florida,rrobertson1s@toplist.cz,33467Bruce,Bowman,1-(325)358-7458,87 Logan Terrace,fakeCity,Texas,bbowman1t@ifeng.com,79699Ralph,Reyes,1-(615)779-4021,4 Sachs Place,fakeCity,Tennessee,rreyes1u@usatoday.com,37235Sara,Knight,1-(918)805-0463,430 Ramsey Alley,fakeCity,Oklahoma,sknight1v@goo.ne.jp,74156Howard,Mitchell,1-(215)894-1797,16105 Brentwood Junction,fakeCity,Pennsylvania,hmitchell1w@people.com.cn,19151Louise,Green,1-(423)511-2413,568 Sage Junction,fakeCity,Tennessee,lgreen1x@ca.gov,37450Timothy,Richards,1-(713)375-3336,8 New Castle Way,fakeCity,Texas,trichards1y@java.com,77045Nicole,Romero,1-(469)933-8897,44 Fordem Junction,fakeCity,Texas,nromero1z@alexa.com,75342Jean,Brooks,1-(540)313-4403,1889 Carioca Place,fakeCity,Virginia,jbrooks20@cpanel.net,24014Pamela,Cook,1-(214)692-8090,09206 Warrior Alley,fakeCity,Texas,pcook21@over-blog.com,75353Paul,Stephens,1-(763)402-3251,0508 Cardinal Court,fakeCity,Minnesota,pstephens22@liveinternet.ru,55115Brenda,Ramos,1-(502)396-0691,7993 Springview Point,fakeCity,Kentucky,bramos23@archive.org,40266Eugene,Morales,1-(203)173-7858,143 Blue Bill Park Park,fakeCity,Connecticut,emorales24@cyberchimps.com,6922Frank,Edwards,1-(915)477-5656,94487 Novick Crossing,fakeCity,Texas,fedwards25@pen.io,88574Cynthia,Dixon,1-(651)956-7365,34358 Bluestem Way,fakeCity,Minnesota,cdixon26@yandex.ru,55166Frances,Kelly,1-(408)279-9440,4110 Sheridan Street,fakeCity,California,fkelly27@constantcontact.com,95108Mary,Jacobs,1-(608)927-3317,61 Cherokee Avenue,fakeCity,Wisconsin,mjacobs28@nyu.edu,53790Brian,Snyder,1-(562)809-9760,11035 Welch Crossing,fakeCity,California,bsnyder29@huffingtonpost.com,90805Shirley,Nelson,1-(915)327-0170,51 Vahlen Court,fakeCity,Texas,snelson2a@apache.org,79977Diane,Carr,1-(334)924-2449,9 Raven Lane,fakeCity,Alabama,dcarr2b@live.com,36195Brandon,Watkins,1-(602)132-9913,523 Carey Lane,fakeCity,Arizona,bwatkins2c@taobao.com,85383Andrew,Palmer,1-(419)256-2993,47 Meadow Ridge Terrace,fakeCity,Ohio,apalmer2d@globo.com,43615Ruby,Edwards,1-(703)994-4349,74025 Nevada Junction,fakeCity,Virginia,redwards2e@vkontakte.ru,22301Ryan,Freeman,1-(412)704-4523,2 Grover Alley,fakeCity,Pennsylvania,rfreeman2f@arizona.edu,15261Michael,Watson,1-(217)927-6169,27 Sauthoff Place,fakeCity,Illinois,mwatson2g@google.it,62711Charles,Murphy,1-(415)204-9490,93 Hallows Crossing,fakeCity,California,cmurphy2h@addtoany.com,94137Cheryl,Knight,1-(208)204-1412,414 Delaware Terrace,fakeCity,Idaho,cknight2i@networksolutions.com,83757Timothy,Morgan,1-(615)863-9354,24906 Fairview Lane,fakeCity,Tennessee,tmorgan2j@gnu.org,37210Russell,Willis,1-(805)120-3343,80 Eliot Alley,fakeCity,California,rwillis2k@blogger.com,93407Frank,Richardson,1-(361)338-7773,8363 Summer Ridge Center,fakeCity,Texas,frichardson2l@bizjournals.com,78465Helen,Watkins,1-(701)651-9684,43 Buell Trail,fakeCity,North Dakota,hwatkins2m@meetup.com,58106Arthur,Harrison,1-(810)662-6216,31488 Swallow Center,fakeCity,Michigan,aharrison2n@wired.com,48505Anthony,Spencer,1-(301)646-3985,88501 Grover Drive,fakeCity,Maryland,aspencer2o@ustream.tv,20709Joshua,Ortiz,1-(915)466-4518,4 Marquette Park,fakeCity,Texas,jortiz2p@dyndns.org,88569Jean,Parker,1-(805)516-3100,26001 Di Loreto Hill,fakeCity,California,jparker2q@addtoany.com,91406Jerry,Simpson,1-(515)493-6640,46146 Vera Plaza,fakeCity,Iowa,jsimpson2r@youku.com,50347Roger,Williamson,1-(323)342-2350,8418 Schlimgen Point,fakeCity,California,rwilliamson2s@nationalgeographic.com,90810Steve,Simmons,1-(702)536-8689,23683 John Wall Place,fakeCity,Nevada,ssimmons2t@google.it,89155Jonathan,Knight,1-(337)409-9846,84 Clyde Gallagher Alley,fakeCity,Louisiana,jknight2u@wired.com,70607Harold,Riley,1-(412)840-1756,90 Pleasure Center,fakeCity,Pennsylvania,hriley2v@google.co.jp,15279Michael,Lane,1-(251)304-4067,29030 Center Place,fakeCity,Alabama,mlane2w@ehow.com,36605Nicholas,Henderson,1-(619)575-4326,41555 Rowland Lane,fakeCity,California,nhenderson2x@cyberchimps.com,92132David,Bryant,1-(813)449-6734,1 Service Place,fakeCity,Florida,dbryant2y@huffingtonpost.com,33694Teresa,Morris,1-(772)717-9737,7087 Golf Course Place,fakeCity,Florida,tmorris2z@ebay.com,34985Julia,Green,1-(973)909-4370,79 Londonderry Place,fakeCity,New Jersey,jgreen30@instagram.com,7112Judith,James,1-(505)829-1733,7500 Katie Lane,fakeCity,New Mexico,jjames31@spiegel.de,87190Craig,Stephens,1-(757)220-9160,276 Goodland Center,fakeCity,Virginia,cstephens32@newsvine.com,23514Alan,Welch,1-(617)780-6165,4 Forest Dale Trail,fakeCity,Massachusetts,awelch33@github.io,2119Johnny,Reyes,1-(336)906-1155,3245 Elgar Junction,fakeCity,North Carolina,jreyes34@mlb.com,27264Jason,Snyder,1-(202)925-5660,4 Menomonie Road,fakeCity,District of Columbia,jsnyder35@bbb.org,20530Justin,Price,1-(920)471-9280,184 Shoshone Plaza,fakeCity,Wisconsin,jprice36@newsvine.com,53205Ashley,Peterson,1-(859)190-7948,612 Hazelcrest Alley,fakeCity,Kentucky,apeterson37@nhs.uk,40546Brenda,Martin,1-(720)485-2079,89 Portage Pass,fakeCity,Colorado,bmartin38@wp.com,80005Theresa,Coleman,1-(913)323-4629,291 Pleasure Plaza,fakeCity,Kansas,tcoleman39@shinystat.com,66276Melissa,Harper,1-(818)965-6225,1992 Evergreen Place,fakeCity,California,mharper3a@booking.com,91109Bruce,Fernandez,1-(202)901-5057,49 Becker Avenue,fakeCity,District of Columbia,bfernandez3b@uol.com.br,20260Amy,Morrison,1-(805)654-5358,6 Sherman Parkway,fakeCity,California,amorrison3c@pbs.org,93034Judith,Cole,1-(954)822-0788,5 Brickson Park Junction,fakeCity,Florida,jcole3d@mit.edu,33315Stephanie,Sullivan,1-(703)865-1193,91 Clove Junction,fakeCity,Virginia,ssullivan3e@wisc.edu,22205Carl,Perkins,1-(301)685-7090,10849 Eggendart Terrace,fakeCity,Maryland,cperkins3f@wsj.com,20784Cheryl,Welch,1-(401)892-8557,9 Hallows Trail,fakeCity,Rhode Island,cwelch3g@ycombinator.com,2912Denise,Tucker,1-(661)889-3361,2338 Claremont Hill,fakeCity,California,dtucker3h@github.com,93305Gary,Ryan,1-(915)960-3636,536 Southridge Center,fakeCity,Texas,gryan3i@cbslocal.com,79905Gary,Phillips,1-(770)580-3315,009 Merrick Lane,fakeCity,Georgia,gphillips3j@blogs.com,31119Anthony,Cunningham,1-(281)173-4187,6 Calypso Street,fakeCity,Texas,acunningham3k@shinystat.com,77070Matthew,Taylor,1-(415)231-0551,2 Loomis Alley,fakeCity,California,mtaylor3l@newsvine.com,94126Diana,Stewart,1-(202)563-4045,1558 Jana Place,fakeCity,District of Columbia,dstewart3m@sourceforge.net,20226Albert,Henderson,1-(215)661-3233,9178 Center Point,fakeCity,Pennsylvania,ahenderson3n@facebook.com,19184Teresa,Riley,1-(304)951-6127,7381 Grayhawk Place,fakeCity,West Virginia,triley3o@ihg.com,25721Christopher,Brown,1-(941)128-4738,91 Redwing Crossing,fakeCity,Florida,cbrown3p@goo.gl,34238Carlos,Nelson,1-(918)677-8548,20 Londonderry Point,fakeCity,Oklahoma,cnelson3q@pen.io,74149Kevin,Banks,1-(803)690-9308,91 Nevada Way,fakeCity,South Carolina,kbanks3r@stumbleupon.com,29215Kathleen,Chavez,1-(734)531-1386,5185 Killdeer Center,fakeCity,Michigan,kchavez3s@ask.com,48107Kimberly,Diaz,1-(804)947-4043,967 Forest Dale Point,fakeCity,Virginia,kdiaz3t@webs.com,23213Julie,Cole,1-(419)484-4235,307 Mosinee Pass,fakeCity,Ohio,jcole3u@weebly.com,43656Deborah,Moore,1-(646)520-6259,00 Crowley Crossing,fakeCity,New York,dmoore3v@miitbeian.gov.cn,10280Bruce,Howard,1-(208)935-6723,8 Shasta Street,fakeCity,Idaho,bhoward3w@fda.gov,83722Dennis,Miller,1-(405)332-4126,08016 Carioca Center,fakeCity,Oklahoma,dmiller3x@cdc.gov,73167Julia,Ruiz,1-(203)468-5989,23034 Eggendart Park,fakeCity,Connecticut,jruiz3y@timesonline.co.uk,6721Anna,Romero,1-(859)241-5291,3 Killdeer Circle,fakeCity,Kentucky,aromero3z@hhs.gov,40505Walter,Lawrence,1-(813)432-4048,6 Schurz Crossing,fakeCity,Florida,wlawrence40@stanford.edu,33661Carl,Rice,1-(971)687-9393,437 Debra Park,fakeCity,Oregon,crice41@soundcloud.com,97271Jacqueline,Franklin,1-(412)428-1873,4 Oak Valley Park,fakeCity,Pennsylvania,jfranklin42@google.com.br,15220Lori,Long,1-(419)534-6702,85 Florence Road,fakeCity,Ohio,llong43@jigsy.com,43605Patrick,Lane,1-(203)169-6006,16 Schmedeman Point,fakeCity,Connecticut,plane44@squarespace.com,6510Lois,Lee,1-(530)483-3890,6 Debra Alley,fakeCity,California,llee45@bizjournals.com,95973Harry,Cook,1-(517)269-3877,0 Johnson Way,fakeCity,Michigan,hcook46@newyorker.com,49048Elizabeth,Robertson,1-(214)278-2153,3570 Division Center,fakeCity,Texas,erobertson47@canalblog.com,75379Norma,Morrison,1-(847)288-9370,71 Nova Way,fakeCity,Illinois,nmorrison48@creativecommons.org,60078Marie,West,1-(314)863-0337,2 Eliot Circle,fakeCity,Missouri,mwest49@youtube.com,63143Judy,Cox,1-(915)233-8753,44 Lotheville Trail,fakeCity,Texas,jcox4a@bravesites.com,79923Mary,Pierce,1-(518)230-9699,9759 Victoria Pass,fakeCity,New York,mpierce4b@discovery.com,12325Raymond,Howard,1-(202)453-6376,38 Artisan Hill,fakeCity,District of Columbia,rhoward4c@scribd.com,20420Adam,Stephens,1-(205)319-4915,72066 Grim Court,fakeCity,Alabama,astephens4d@example.com,35242John,Woods,1-(336)423-3486,395 Haas Crossing,fakeCity,North Carolina,jwoods4e@psu.edu,27425David,Willis,1-(407)611-8555,05 Kinsman Crossing,fakeCity,Florida,dwillis4f@about.me,32868Margaret,Arnold,1-(505)353-2057,54440 Fieldstone Drive,fakeCity,New Mexico,marnold4g@stanford.edu,87195Alan,Bailey,1-(318)441-9703,3099 Johnson Hill,fakeCity,Massachusetts,abailey4h@gov.uk,2104Jose,Morrison,1-(650)951-0990,14 Crowley Pass,fakeCity,California,jmorrison4i@google.de,94064Terry,Harris,1-(617)894-2445,47593 Superior Terrace,fakeCity,Massachusetts,tharris4j@merriam-webster.com,2458Jack,Ramirez,1-(314)420-3090,461 Shopko Plaza,fakeCity,Missouri,jramirez4k@mashable.com,63180William,Perez,1-(417)911-4960,79 Stone Corner Court,fakeCity,Missouri,wperez4l@bloomberg.com,65805Jeremy,Simpson,1-(713)337-4500,0 Pennsylvania Circle,fakeCity,Texas,jsimpson4m@clickbank.net,77070Michelle,Wells,1-(337)822-5561,3 Union Lane,fakeCity,Louisiana,mwells4n@java.com,70607William,Evans,1-(417)822-1060,24975 Schurz Street,fakeCity,Missouri,wevans4o@macromedia.com,65810Ernest,Payne,1-(602)232-1823,41 Lotheville Road,fakeCity,Arizona,epayne4p@ovh.net,85099Johnny,Brooks,1-(303)283-9668,40873 Katie Court,fakeCity,Colorado,jbrooks4q@buzzfeed.com,80209Theresa,Armstrong,1-(814)814-6620,4361 Messerschmidt Plaza,fakeCity,Pennsylvania,tarmstrong4r@prweb.com,15906Thomas,Cole,1-(716)731-8954,90 Sycamore Alley,fakeCity,New York,tcole4s@rakuten.co.jp,14276Deborah,Hicks,1-(414)965-2328,0 American Alley,fakeCity,Wisconsin,dhicks4t@cpanel.net,53285Craig,Montgomery,1-(678)460-9198,397 Messerschmidt Terrace,fakeCity,Georgia,cmontgomery4u@mashable.com,30022Gerald,Parker,1-(717)678-9350,8983 Esker Circle,fakeCity,Pennsylvania,gparker4v@wiley.com,17622Jessica,Lee,1-(205)820-0549,38486 Nevada Junction,fakeCity,Alabama,jlee4w@soundcloud.com,35236Louis,Bishop,1-(405)568-6142,91654 Buell Plaza,fakeCity,Oklahoma,lbishop4x@cdbaby.com,73190Patrick,Lopez,1-(309)963-7635,24969 Pierstorff Park,fakeCity,Illinois,plopez4y@wikia.com,61629Catherine,Bailey,1-(719)887-6871,53169 Roxbury Court,fakeCity,Colorado,cbailey4z@lulu.com,80995Gloria,Fox,1-(205)371-2523,24423 Arapahoe Alley,fakeCity,Alabama,gfox50@about.com,35220Judith,George,1-(917)783-0098,17 Helena Way,fakeCity,New York,jgeorge51@google.ca,11236Scott,Hansen,1-(404)900-0522,017 Moland Park,fakeCity,Georgia,shansen52@redcross.org,30368Bobby,Robertson,1-(518)673-8248,76 Meadow Valley Terrace,fakeCity,New York,brobertson53@naver.com,12237Frank,Murray,1-(832)145-1454,09766 Scofield Center,fakeCity,Texas,fmurray54@state.gov,77030Margaret,Wilson,1-(816)814-9028,78451 Mitchell Court,fakeCity,Missouri,mwilson55@webs.com,64160James,Riley,1-(512)236-7573,1374 Anthes Way,fakeCity,Texas,jriley56@example.com,78703Benjamin,Porter,1-(858)151-9226,4 Kingsford Avenue,fakeCity,California,bporter57@seesaa.net,94121Denise,Hart,1-(212)787-6622,98 Haas Park,fakeCity,New York,dhart58@phoca.cz,10039Martha,Fuller,1-(914)544-9102,8833 Mccormick Hill,fakeCity,New York,mfuller59@paginegialle.it,10464Jack,Harvey,1-(717)595-9818,75746 Lunder Place,fakeCity,Pennsylvania,jharvey5a@addthis.com,17121Aaron,Henry,1-(757)491-0327,61 Glendale Alley,fakeCity,Virginia,ahenry5b@vinaora.com,23225Carolyn,Mcdonald,1-(801)782-8054,69652 Hudson Way,fakeCity,Utah,cmcdonald5c@seesaa.net,84105Barbara,Stone,1-(817)779-5634,656 Debra Lane,fakeCity,Texas,bstone5d@ask.com,76096Thomas,Meyer,1-(515)494-4297,51478 Ridgeview Center,fakeCity,Iowa,tmeyer5e@livejournal.com,50310Stephanie,Woods,1-(303)197-1714,21593 Eliot Crossing,fakeCity,Colorado,swoods5f@uol.com.br,80127Robin,Burton,1-(202)950-6474,72469 Graedel Parkway,fakeCity,District of Columbia,rburton5g@google.co.uk,20099Antonio,Morrison,1-(602)357-6175,9824 Northview Road,fakeCity,Arizona,amorrison5h@va.gov,85077Mark,Rodriguez,1-(716)948-5587,8 Moland Plaza,fakeCity,New York,mrodriguez5i@furl.net,14220Lawrence,Wallace,1-(405)875-8430,07 Beilfuss Trail,fakeCity,Oklahoma,lwallace5j@tinypic.com,73142Russell,Mitchell,1-(310)689-7064,781 Hoard Alley,fakeCity,California,rmitchell5k@bloomberg.com,90045Charles,Nichols,1-(806)817-7495,96838 Springs Place,fakeCity,Texas,cnichols5l@ucoz.ru,79410Benjamin,Gray,1-(682)212-4409,44220 Ridge Oak Alley,fakeCity,Texas,bgray5m@si.edu,76011Jessica,Bowman,1-(585)567-7409,17250 Westridge Lane,fakeCity,New York,jbowman5n@themeforest.net,14604Douglas,Butler,1-(860)648-5358,50 Canary Terrace,fakeCity,Connecticut,dbutler5o@theglobeandmail.com,6140Jose,Ward,1-(210)928-5398,84257 John Wall Terrace,fakeCity,Texas,jward5p@columbia.edu,78265Keith,Rodriguez,1-(203)651-1589,1528 Roth Circle,fakeCity,Connecticut,krodriguez5q@rakuten.co.jp,6859Eric,Lewis,1-(415)855-5242,51 Valley Edge Junction,fakeCity,California,elewis5r@ted.com,94611Gerald,Day,1-(713)217-9317,0 Surrey Crossing,fakeCity,Texas,gday5s@taobao.com,77223Amanda,Reid,1-(716)348-4182,3 Schiller Point,fakeCity,New York,areid5t@ucoz.ru,14215Philip,Moreno,1-(702)878-2999,75043 Eggendart Point,fakeCity,Nevada,pmoreno5u@mysql.com,89160Shirley,Brooks,1-(313)838-4636,70 Hansons Crossing,fakeCity,Michigan,sbrooks5v@amazon.co.uk,48258Nancy,Arnold,1-(302)999-1797,7461 5th Way,fakeCity,Delaware,narnold5w@princeton.edu,19886Tammy,Payne,1-(806)129-6610,442 Lakewood Crossing,fakeCity,Texas,tpayne5x@parallels.com,79105Jeremy,Williams,1-(559)530-9435,19584 Upham Center,fakeCity,California,jwilliams5y@cocolog-nifty.com,93773Ruby,Harvey,1-(540)376-9854,70657 Waywood Way,fakeCity,Virginia,rharvey5z@webmd.com,24029Catherine,Gordon,1-(907)451-6777,4032 Hallows Junction,fakeCity,Alaska,cgordon60@freewebs.com,99709Cheryl,Edwards,1-(505)569-8460,5844 Cottonwood Avenue,fakeCity,New Mexico,cedwards61@zdnet.com,87592Harold,Ryan,1-(412)524-0696,0782 Eastlawn Terrace,fakeCity,Pennsylvania,hryan62@miibeian.gov.cn,15225Steve,Woods,1-(937)459-6907,987 Bluejay Alley,fakeCity,Ohio,swoods63@businessinsider.com,45505Phyllis,Reed,1-(402)471-6661,4914 Blackbird Place,fakeCity,Nebraska,preed64@businesswire.com,68517Johnny,Patterson,1-(504)770-0384,23 Vera Pass,fakeCity,Louisiana,jpatterson65@sciencedaily.com,70165Doris,Mason,1-(423)714-0270,716 Katie Junction,fakeCity,Tennessee,dmason66@youtu.be,37450Andrew,Ramos,1-(727)929-5938,70563 Utah Street,fakeCity,Florida,aramos67@salon.com,33777Jane,Carpenter,1-(617)561-0917,154 Fuller Hill,fakeCity,Massachusetts,jcarpenter68@studiopress.com,2203Gregory,Marshall,1-(210)917-7409,259 Corry Road,fakeCity,Texas,gmarshall69@pagesperso-orange.fr,78250Ann,Marshall,1-(205)266-5982,0 Division Lane,fakeCity,Alabama,amarshall6a@multiply.com,35236Matthew,Jackson,1-(704)989-7359,0 Kropf Court,fakeCity,North Carolina,mjackson6b@oakley.com,28210Julia,Morris,1-(561)480-0991,8049 Hazelcrest Center,fakeCity,Florida,jmorris6c@wix.com,33416Thomas,Jones,1-(410)766-9533,4797 Karstens Park,fakeCity,Maryland,tjones6d@bbc.co.uk,21265Raymond,Brown,1-(949)522-0771,6098 Kingsford Pass,fakeCity,California,rbrown6e@bloglines.com,92705Andrew,Rose,1-(203)319-7360,410 Sundown Road,fakeCity,Connecticut,arose6f@auda.org.au,6825Timothy,Jackson,1-(240)141-2976,41999 Di Loreto Point,fakeCity,Maryland,tjackson6g@auda.org.au,20918Jack,Jacobs,1-(727)963-0393,22 Sage Way,fakeCity,Florida,jjacobs6h@usgs.gov,33710Anna,Kennedy,1-(253)651-4578,1547 Brickson Park Trail,fakeCity,Washington,akennedy6i@abc.net.au,98464Julie,Daniels,1-(417)986-3226,48543 Jenifer Hill,fakeCity,Missouri,jdaniels6j@last.fm,65898Irene,Burns,1-(253)588-5934,11 Stuart Place,fakeCity,Washington,iburns6k@hibu.com,98498Phyllis,Vasquez,1-(801)423-0474,3 Annamark Junction,fakeCity,Utah,pvasquez6l@about.me,84403Helen,Hunter,1-(559)384-4968,553 Cordelia Road,fakeCity,California,hhunter6m@guardian.co.uk,93794Diana,Myers,1-(843)377-1080,59 Aberg Avenue,fakeCity,South Carolina,dmyers6n@narod.ru,29905Roger,Martinez,1-(619)181-0366,591 Green Terrace,fakeCity,California,rmartinez6o@fc2.com,92160Nicole,Armstrong,1-(850)966-1653,0 Granby Terrace,fakeCity,Florida,narmstrong6p@time.com,32505Charles,Bradley,1-(210)750-7001,47 Hovde Street,fakeCity,Texas,cbradley6q@unc.edu,78210Joseph,Olson,1-(919)493-5813,656 Moulton Pass,fakeCity,North Carolina,jolson6r@ocn.ne.jp,27690Earl,Nguyen,1-(405)359-8826,3 Maple Wood Road,fakeCity,Oklahoma,enguyen6s@about.com,73179Kenneth,Gonzales,1-(717)231-0849,148 Messerschmidt Circle,fakeCity,Pennsylvania,kgonzales6t@e-recht24.de,17140Stephen,Nichols,1-(360)320-4809,8 Pepper Wood Terrace,fakeCity,Washington,snichols6u@domainmarket.com,98664Ann,Gonzales,1-(803)775-9408,8 Mayer Point,fakeCity,South Carolina,agonzales6v@pbs.org,29208Marie,Phillips,1-(901)670-2830,47397 Birchwood Lane,fakeCity,Tennessee,mphillips6w@networkadvertising.org,38161Jonathan,Gardner,1-(502)609-9280,73989 Coolidge Drive,fakeCity,Kentucky,jgardner6x@hostgator.com,40250Russell,Williams,1-(412)215-6504,04400 Elgar Road,fakeCity,Pennsylvania,rwilliams6y@eventbrite.com,15274Maria,Harper,1-(713)490-9391,30805 Transport Crossing,fakeCity,Texas,mharper6z@comcast.net,77266Ashley,Webb,1-(718)971-9346,27258 Katie Trail,fakeCity,New York,awebb70@cyberchimps.com,11220Debra,Fisher,1-(806)612-1736,204 Jay Plaza,fakeCity,Texas,dfisher71@tinyurl.com,79165Martin,Wilson,1-(801)659-4401,4 Washington Parkway,fakeCity,Utah,mwilson72@discuz.net,84403Sandra,Ray,1-(240)386-6997,075 Cardinal Avenue,fakeCity,Maryland,sray73@accuweather.com,20883Katherine,Morales,1-(818)343-0337,7312 Loomis Circle,fakeCity,California,kmorales74@seesaa.net,91505Nancy,Kelly,1-(808)906-6724,063 Boyd Hill,fakeCity,Hawaii,nkelly75@bing.com,96835Barbara,Peters,1-(256)237-8417,91 Cottonwood Avenue,fakeCity,Alabama,bpeters76@skyrock.com,35805Jimmy,Stephens,1-(702)410-8497,6 Meadow Vale Circle,fakeCity,Nevada,jstephens77@upenn.edu,89087Eric,Peterson,1-(617)709-6884,0 Carey Circle,fakeCity,Massachusetts,epeterson78@constantcontact.com,2203Cheryl,Edwards,1-(480)807-7697,475 Corry Terrace,fakeCity,Arizona,cedwards79@hexun.com,85271Charles,Mendoza,1-(216)415-2257,31693 Reinke Street,fakeCity,Ohio,cmendoza7a@mit.edu,44191Julie,Fowler,1-(619)818-5952,59529 Corben Road,fakeCity,California,jfowler7b@gizmodo.com,92176Michael,Payne,1-(585)826-5109,6065 Dryden Trail,fakeCity,New York,mpayne7c@vk.com,14652Louise,Baker,1-(405)504-1563,63997 Golf Place,fakeCity,Oklahoma,lbaker7d@marriott.com,73135Daniel,Evans,1-(602)203-4379,0 Hansons Drive,fakeCity,Arizona,devans7e@miitbeian.gov.cn,85077Julia,Lawson,1-(727)921-5670,6 Granby Park,fakeCity,Florida,jlawson7f@weebly.com,33625Andrea,Harris,1-(425)892-2949,83 Crescent Oaks Parkway,fakeCity,Washington,aharris7g@vk.com,98042George,Spencer,1-(602)529-6788,92 Ridgeview Street,fakeCity,Arizona,gspencer7h@weibo.com,85045Terry,Hunt,1-(682)528-5880,8 Utah Parkway,fakeCity,Texas,thunt7i@tripod.com,76178Helen,Wallace,1-(913)769-4603,5869 Morning Way,fakeCity,Kansas,hwallace7j@ox.ac.uk,66225Carol,Bradley,1-(682)129-7240,61 Rusk Terrace,fakeCity,Texas,cbradley7k@plala.or.jp,76192Kathleen,Harper,1-(704)201-9343,5 Homewood Point,fakeCity,North Carolina,kharper7l@shutterfly.com,28055Roy,Cunningham,1-(816)265-1630,4784 Eagle Crest Junction,fakeCity,Missouri,rcunningham7m@berkeley.edu,64082Carol,Porter,1-(713)850-8055,809 Steensland Road,fakeCity,Texas,cporter7n@google.it,77223Rose,Gibson,1-(262)340-4125,8444 Havey Avenue,fakeCity,Wisconsin,rgibson7o@thetimes.co.uk,53405Amanda,Stephens,1-(520)759-6980,36 Golden Leaf Lane,fakeCity,Arizona,astephens7p@bbb.org,85748Arthur,Phillips,1-(763)320-1780,40 3rd Trail,fakeCity,Minnesota,aphillips7q@sitemeter.com,55446Michelle,Washington,1-(702)142-3431,4841 Steensland Crossing,fakeCity,Nevada,mwashington7r@360.cn,89087Christine,Lawson,1-(315)460-6271,909 Tony Terrace,fakeCity,New York,clawson7s@mac.com,13505Kimberly,Stanley,1-(301)281-2213,82 Vera Point,fakeCity,Maryland,kstanley7t@oakley.com,20784Brenda,Gibson,1-(602)454-3507,89203 Saint Paul Plaza,fakeCity,Arizona,bgibson7u@seesaa.net,85030Antonio,Lynch,1-(585)837-9712,5 Caliangt Drive,fakeCity,New York,alynch7v@tripadvisor.com,14639Carolyn,Clark,1-(225)981-1111,885 Elmside Junction,fakeCity,Louisiana,cclark7w@answers.com,70810Rebecca,Morales,1-(918)966-2821,6235 Bobwhite Alley,fakeCity,Oklahoma,rmorales7x@bbc.co.uk,74108Justin,Young,1-(469)816-6046,90082 Rutledge Circle,fakeCity,Texas,jyoung7y@ask.com,75241Wayne,White,1-(510)833-3542,81 Vernon Avenue,fakeCity,California,wwhite7z@prnewswire.com,94605Denise,Montgomery,1-(202)324-3527,8 Ohio Alley,fakeCity,District of Columbia,dmontgomery80@xing.com,20508Lori,Mcdonald,1-(989)155-0273,40104 New Castle Trail,fakeCity,Michigan,lmcdonald81@cnn.com,48604Catherine,Stanley,1-(713)180-9157,572 Wayridge Way,fakeCity,Texas,cstanley82@pagesperso-orange.fr,77045Bobby,Anderson,1-(918)396-6049,7 Killdeer Street,fakeCity,Oklahoma,banderson83@ocn.ne.jp,74184Gerald,Shaw,1-(907)500-1121,30505 Lillian Hill,fakeCity,Alaska,gshaw84@upenn.edu,99522Carlos,Rose,1-(570)324-7109,8 Hauk Point,fakeCity,Pennsylvania,crose85@go.com,18768Theresa,King,1-(916)940-3576,1 Division Plaza,fakeCity,California,tking86@timesonline.co.uk,94291Louis,Nelson,1-(804)157-5292,36 Vidon Trail,fakeCity,Virginia,lnelson87@apple.com,23220Larry,Hayes,1-(323)625-8880,51 Becker Drive,fakeCity,California,lhayes88@imgur.com,90076Gregory,Hicks,1-(971)305-3612,77406 Sloan Parkway,fakeCity,Oregon,ghicks89@si.edu,97232Sandra,Oliver,1-(612)246-5250,35 Fulton Plaza,fakeCity,Minnesota,soliver8a@huffingtonpost.com,55448Steven,Hamilton,1-(754)170-5385,3 Rutledge Terrace,fakeCity,Florida,shamilton8b@baidu.com,33075Kimberly,Sullivan,1-(909)844-7921,2 Longview Road,fakeCity,California,ksullivan8c@theguardian.com,91797Pamela,Scott,1-(786)446-2259,8942 Meadow Vale Hill,fakeCity,Florida,pscott8d@google.pl,33124Lisa,Woods,1-(215)793-0866,729 Spohn Drive,fakeCity,Pennsylvania,lwoods8e@a8.net,19131Charles,Perez,1-(330)510-4341,862 Erie Point,fakeCity,Ohio,cperez8f@toplist.cz,44511Willie,Hunter,1-(713)596-4905,56618 Raven Pass,fakeCity,Texas,whunter8g@squidoo.com,77250Harold,Green,1-(202)722-7206,83 Springview Junction,fakeCity,District of Columbia,hgreen8h@cloudflare.com,20599Kathleen,Price,1-(812)759-3936,55984 Stuart Terrace,fakeCity,Indiana,kprice8i@nih.gov,47812Paul,Williams,1-(504)411-7434,93037 Farmco Avenue,fakeCity,Louisiana,pwilliams8j@tmall.com,70142Raymond,Hunter,1-(702)128-6391,28812 Bobwhite Park,fakeCity,Nevada,rhunter8k@ox.ac.uk,89036Jacqueline,Ramos,1-(609)391-7737,87 Beilfuss Pass,fakeCity,New Jersey,jramos8l@bbc.co.uk,8638Bobby,Brooks,1-(314)801-6523,7856 Rowland Parkway,fakeCity,Missouri,bbrooks8m@mayoclinic.com,63169Paula,Larson,1-(754)166-2534,51 Fulton Trail,fakeCity,Florida,plarson8n@springer.com,33310Arthur,Austin,1-(913)794-7714,60 Sunnyside Road,fakeCity,Kansas,aaustin8o@nbcnews.com,66286Brenda,Murphy,1-(626)556-8171,274 Melrose Way,fakeCity,California,bmurphy8p@ibm.com,91186William,Freeman,1-(318)410-9343,8 Ridgeview Pass,fakeCity,Louisiana,wfreeman8q@google.nl,71208Henry,Harris,1-(952)363-2414,3572 Union Road,fakeCity,Minnesota,hharris8r@cam.ac.uk,55407Craig,Fernandez,1-(989)858-6758,4535 Raven Plaza,fakeCity,Michigan,cfernandez8s@amazon.de,48609Ruth,King,1-(773)815-9939,7 Fulton Street,fakeCity,Illinois,rking8t@privacy.gov.au,60657Helen,Dean,1-(251)730-4796,67 Harper Hill,fakeCity,Alabama,hdean8u@samsung.com,36641Judy,Armstrong,1-(330)718-6853,5 Lakewood Gardens Street,fakeCity,Ohio,jarmstrong8v@harvard.edu,44485Shawn,Mills,1-(754)408-0829,70 Coleman Way,fakeCity,Florida,smills8w@spiegel.de,33310Jacqueline,Cruz,1-(323)550-9763,09 Alpine Point,fakeCity,California,jcruz8x@over-blog.com,90076Ann,Chapman,1-(318)993-3864,6801 Norway Maple Park,fakeCity,Louisiana,achapman8y@drupal.org,71208Gary,Nichols,1-(501)286-1200,467 Huxley Circle,fakeCity,Arkansas,gnichols8z@vistaprint.com,72118Donald,Taylor,1-(201)702-2874,30 Sugar Center,fakeCity,New Jersey,dtaylor90@deliciousdays.com,7305Ronald,Lynch,1-(704)293-9878,28538 Service Lane,fakeCity,North Carolina,rlynch91@slate.com,28225Andrew,Meyer,1-(540)530-8455,46 Fordem Way,fakeCity,Virginia,ameyer92@gnu.org,24009Lori,Flores,1-(970)803-1046,0 Pleasure Circle,fakeCity,Colorado,lflores93@nbcnews.com,80638Juan,Nelson,1-(858)524-2210,3 Saint Paul Crossing,fakeCity,California,jnelson94@infoseek.co.jp,92121Cheryl,Simmons,1-(205)999-6046,297 Valley Edge Lane,fakeCity,Alabama,csimmons95@blogger.com,35231Kimberly,Gardner,1-(405)619-3058,6799 Melrose Street,fakeCity,Oklahoma,kgardner96@chronoengine.com,73109Douglas,Robertson,1-(253)372-9200,5 Stang Plaza,fakeCity,Washington,drobertson97@meetup.com,98447Anna,Lawrence,1-(415)495-6256,9 Menomonie Alley,fakeCity,California,alawrence98@wikipedia.org,94147Phyllis,Torres,1-(214)148-4315,28239 Mayfield Street,fakeCity,Texas,ptorres99@jimdo.com,75358Carol,Weaver,1-(917)328-2930,4 Carey Road,fakeCity,New York,cweaver9a@state.gov,10459Carolyn,Adams,1-(217)466-5879,0 Jay Court,fakeCity,Illinois,cadams9b@buzzfeed.com,62794Randy,Torres,1-(540)358-2620,17 Green Ridge Hill,fakeCity,Virginia,rtorres9c@paginegialle.it,24014Ashley,Wallace,1-(336)483-4409,9 Menomonie Terrace,fakeCity,North Carolina,awallace9d@ed.gov,27105Michael,Mcdonald,1-(914)315-8760,4 Melody Point,fakeCity,New York,mmcdonald9e@skype.com,10310Peter,Ray,1-(818)739-4730,8 Southridge Point,fakeCity,California,pray9f@addtoany.com,91328Steven,Turner,1-(414)932-7807,3133 Summer Ridge Plaza,fakeCity,Wisconsin,sturner9g@zimbio.com,53234Gerald,Gordon,1-(325)718-8699,015 Boyd Way,fakeCity,Texas,ggordon9h@prweb.com,76905Daniel,Martinez,1-(817)312-6708,63922 Reindahl Circle,fakeCity,Texas,dmartinez9i@rambler.ru,76004Ralph,Fuller,1-(757)329-6991,28 Maryland Junction,fakeCity,Virginia,rfuller9j@nationalgeographic.com,23605Victor,Morgan,1-(816)638-7883,1124 Truax Pass,fakeCity,Missouri,vmorgan9k@google.ca,64504Norma,Brown,1-(804)148-1258,60 Fair Oaks Trail,fakeCity,Virginia,nbrown9l@dyndns.org,23225Patricia,Ramirez,1-(313)674-9929,96432 Harbort Trail,fakeCity,Michigan,pramirez9m@exblog.jp,48217Nicole,Chapman,1-(330)892-9316,87 Hoffman Park,fakeCity,Ohio,nchapman9n@webnode.com,44315Adam,Gutierrez,1-(484)743-4740,2121 Texas Pass,fakeCity,Pennsylvania,agutierrez9o@japanpost.jp,19610Kimberly,Black,1-(203)405-5964,21565 Alpine Circle,fakeCity,Connecticut,kblack9p@photobucket.com,6606Brenda,Scott,1-(813)798-8891,675 Macpherson Street,fakeCity,Florida,bscott9q@sitemeter.com,33647Craig,Phillips,1-(864)459-1427,096 Village Green Plaza,fakeCity,South Carolina,cphillips9r@kickstarter.com,29305Ryan,Black,1-(304)759-2196,092 Macpherson Park,fakeCity,West Virginia,rblack9s@biglobe.ne.jp,25709Joseph,Harper,1-(540)382-1956,212 Lindbergh Place,fakeCity,Virginia,jharper9t@youtu.be,24040Kimberly,Coleman,1-(334)969-0496,17 Thackeray Drive,fakeCity,Alabama,kcoleman9u@meetup.com,36119Gerald,Cunningham,1-(816)183-0632,8061 Kedzie Parkway,fakeCity,Kansas,gcunningham9v@hatena.ne.jp,66210Russell,Torres,1-(330)445-8502,8213 Rutledge Drive,fakeCity,Ohio,rtorres9w@multiply.com,44720Wayne,Chapman,1-(704)553-8044,09392 Blaine Junction,fakeCity,North Carolina,wchapman9x@qq.com,28247Carl,Richards,1-(541)100-2695,77742 Chinook Place,fakeCity,Oregon,crichards9y@home.pl,97405Earl,Campbell,1-(262)928-4261,7563 Dahle Junction,fakeCity,Wisconsin,ecampbell9z@zimbio.com,53205Howard,Lee,1-(857)211-0184,7 Mcbride Road,fakeCity,Massachusetts,hleea0@pbs.org,2142Mildred,Stanley,1-(480)254-7315,638 Forest Junction,fakeCity,Arizona,mstanleya1@github.com,85271Angela,Wheeler,1-(865)453-5557,8412 Cordelia Parkway,fakeCity,Tennessee,awheelera2@cloudflare.com,37939Angela,Diaz,1-(989)456-0004,4 Marcy Park,fakeCity,Michigan,adiaza3@weibo.com,48670Andrea,Sullivan,1-(704)503-3635,3 Clyde Gallagher Hill,fakeCity,North Carolina,asullivana4@ebay.com,28235Virginia,Jones,1-(218)581-7640,0647 Loomis Place,fakeCity,Minnesota,vjonesa5@theatlantic.com,55811Jeffrey,Ramirez,1-(785)534-9219,7 Evergreen Drive,fakeCity,Kansas,jramireza6@amazon.co.jp,66622Jessica,Austin,1-(480)760-1513,560 Drewry Road,fakeCity,Arizona,jaustina7@qq.com,85260Kenneth,Willis,1-(618)303-8067,6 Talisman Way,fakeCity,Illinois,kwillisa8@chron.com,62205Nicholas,Richardson,1-(770)850-1060,67 Gerald Crossing,fakeCity,Georgia,nrichardsona9@deliciousdays.com,30061Justin,Dixon,1-(865)219-5040,21841 Grover Place,fakeCity,Tennessee,jdixonaa@statcounter.com,37995Phillip,Robinson,1-(718)958-6737,1 Valley Edge Way,fakeCity,New York,probinsonab@yandex.ru,11470Bobby,Harris,1-(334)115-9757,908 Clarendon Lane,fakeCity,Alabama,bharrisac@ted.com,36134Jerry,Armstrong,1-(202)442-3794,3 Valley Edge Trail,fakeCity,District of Columbia,jarmstrongad@sakura.ne.jp,20380Betty,Mcdonald,1-(812)339-2489,82680 Eliot Junction,fakeCity,Indiana,bmcdonaldae@sitemeter.com,47732Mary,Stevens,1-(254)876-6138,6 Fair Oaks Parkway,fakeCity,Texas,mstevensaf@infoseek.co.jp,76505Bobby,Vasquez,1-(505)294-5186,21 Pierstorff Way,fakeCity,New Mexico,bvasquezag@tinypic.com,87505Albert,Meyer,1-(704)885-8511,90 Corry Crossing,fakeCity,North Carolina,ameyerah@geocities.jp,28242Jose,Edwards,1-(760)279-6520,5352 Emmet Pass,fakeCity,California,jedwardsai@tmall.com,90040Nicole,Fox,1-(203)329-4960,92 Sheridan Hill,fakeCity,Connecticut,nfoxaj@dailymail.co.uk,6922Shirley,Lane,1-(918)158-8831,2 Luster Street,fakeCity,Oklahoma,slaneak@yale.edu,74103Ryan,Patterson,1-(770)732-0704,742 Susan Plaza,fakeCity,Georgia,rpattersonal@usatoday.com,30061Jean,Bishop,1-(915)176-6750,8156 Melody Point,fakeCity,Texas,jbishopam@gravatar.com,88558Diana,Elliott,1-(508)404-0127,418 Old Gate Avenue,fakeCity,Massachusetts,delliottan@amazon.de,2114Randy,Rivera,1-(571)299-4211,42 Spohn Crossing,fakeCity,Virginia,rriveraao@indiegogo.com,22333Patricia,Burns,1-(304)298-8024,13539 Bayside Drive,fakeCity,West Virginia,pburnsap@abc.net.au,25716Christine,Lynch,1-(918)308-6047,43488 Summit Pass,fakeCity,Oklahoma,clynchaq@ftc.gov,74116Ruby,Sims,1-(713)648-8607,1587 Porter Pass,fakeCity,Texas,rsimsar@yolasite.com,77271Amy,Price,1-(915)112-9051,178 Havey Hill,fakeCity,Texas,apriceas@example.com,88553Barbara,Chavez,1-(727)742-9756,90 Lakewood Gardens Trail,fakeCity,Florida,bchavezat@4shared.com,34620Diane,Parker,1-(914)353-3608,531 Green Lane,fakeCity,New York,dparkerau@wikia.com,10464Nancy,Cruz,1-(937)508-9744,275 Westridge Parkway,fakeCity,Ohio,ncruzav@ustream.tv,45414Judith,Carroll,1-(305)499-7962,1 Clemons Circle,fakeCity,Florida,jcarrollaw@ow.ly,33175Anthony,Watkins,1-(417)823-9096,85 Monument Drive,fakeCity,Missouri,awatkinsax@topsy.com,65805Benjamin,Mitchell,1-(213)207-9117,1488 Huxley Court,fakeCity,California,bmitchellay@reference.com,90189Betty,Boyd,1-(803)623-2663,250 Golf Course Avenue,fakeCity,South Carolina,bboydaz@trellian.com,29203Annie,Elliott,1-(571)551-8223,19 Erie Junction,fakeCity,Virginia,aelliottb0@macromedia.com,22217Susan,Dixon,1-(502)847-7897,94911 Vidon Alley,fakeCity,Kentucky,sdixonb1@myspace.com,40220Irene,Russell,1-(414)932-1944,69 Elmside Road,fakeCity,Wisconsin,irussellb2@cloudflare.com,53220Samuel,Miller,1-(616)245-2486,37074 Pearson Drive,fakeCity,Michigan,smillerb3@shutterfly.com,49544Sandra,Price,1-(502)620-3406,17 Sutteridge Circle,fakeCity,Kentucky,spriceb4@deliciousdays.com,40210Barbara,James,1-(804)724-9495,8139 Schlimgen Road,fakeCity,Virginia,bjamesb5@cmu.edu,23289Matthew,Berry,1-(304)210-6965,92814 Washington Crossing,fakeCity,West Virginia,mberryb6@wired.com,25321Andrea,Austin,1-(972)158-8810,294 Mandrake Point,fakeCity,Texas,aaustinb7@issuu.com,75185Carolyn,Morrison,1-(773)350-1013,7882 Novick Hill,fakeCity,Illinois,cmorrisonb8@t.co,60636Joyce,Fisher,1-(617)260-7974,67 Fulton Plaza,fakeCity,Massachusetts,jfisherb9@wsj.com,2109Brandon,Davis,1-(216)566-4561,18833 Sycamore Parkway,fakeCity,Ohio,bdavisba@narod.ru,44197James,Ruiz,1-(337)109-2120,632 Hudson Road,fakeCity,Louisiana,jruizbb@miibeian.gov.cn,70607Johnny,Gardner,1-(305)492-0820,19246 Fieldstone Street,fakeCity,Florida,jgardnerbc@diigo.com,33158Juan,Hunter,1-(917)401-3189,913 Carberry Crossing,fakeCity,New York,jhunterbd@gmpg.org,11447Elizabeth,Matthews,1-(770)233-6744,78 Gerald Court,fakeCity,Georgia,ematthewsbe@ycombinator.com,30340Dennis,Patterson,1-(757)135-1219,781 Coleman Plaza,fakeCity,Virginia,dpattersonbf@123-reg.co.uk,23705Judith,Morgan,1-(216)629-4229,795 Quincy Trail,fakeCity,Ohio,jmorganbg@ameblo.jp,44191Lawrence,Snyder,1-(614)208-9971,53242 Toban Road,fakeCity,Ohio,lsnyderbh@npr.org,43210Raymond,Thomas,1-(775)349-2986,635 Haas Hill,fakeCity,Nevada,rthomasbi@theguardian.com,89436Timothy,Armstrong,1-(205)777-7538,81227 Merchant Trail,fakeCity,Alabama,tarmstrongbj@cnet.com,35405Ronald,Austin,1-(832)121-5826,57 Donald Road,fakeCity,Texas,raustinbk@cisco.com,77386Justin,Burke,1-(734)346-3521,2 Ludington Lane,fakeCity,Michigan,jburkebl@netvibes.com,48211Sarah,Taylor,1-(916)132-9215,06498 Vidon Drive,fakeCity,California,staylorbm@washingtonpost.com,94230Chris,Allen,1-(786)827-1161,7 Westerfield Place,fakeCity,Florida,callenbn@cdc.gov,33158Emily,Little,1-(228)539-9461,57088 Grasskamp Parkway,fakeCity,Mississippi,elittlebo@samsung.com,39534Sandra,Martinez,1-(213)722-2572,82515 Marquette Plaza,fakeCity,California,smartinezbp@hubpages.com,90189Heather,Collins,1-(615)667-3396,80585 Corry Court,fakeCity,Tennessee,hcollinsbq@rediff.com,37220Henry,Ray,1-(972)814-3058,70451 Waywood Road,fakeCity,Texas,hraybr@jalbum.net,75205Johnny,Harvey,1-(858)410-8492,9 Maywood Crossing,fakeCity,California,jharveybs@timesonline.co.uk,92132Judy,Knight,1-(515)538-0387,401 Union Park,fakeCity,Iowa,jknightbt@reference.com,50330Martha,Butler,1-(717)882-2632,468 Jenna Pass,fakeCity,Pennsylvania,mbutlerbu@globo.com,17121Cynthia,Henry,1-(434)468-7792,1317 Badeau Road,fakeCity,Virginia,chenrybv@ucoz.com,22908Aaron,Green,1-(419)554-3532,00 Gale Pass,fakeCity,Ohio,agreenbw@stumbleupon.com,43635Robin,Wood,1-(512)116-8827,91123 Spohn Road,fakeCity,Texas,rwoodbx@github.com,78764Adam,Washington,1-(713)537-7401,2308 Harbort Road,fakeCity,Texas,awashingtonby@fda.gov,77288Judith,Bowman,1-(661)734-1513,8 Chive Way,fakeCity,California,jbowmanbz@plala.or.jp,93591Angela,Mccoy,1-(203)657-7082,2 Corry Street,fakeCity,Connecticut,amccoyc0@dagondesign.com,6520Amanda,Grant,1-(404)121-9288,31705 Hoffman Point,fakeCity,Georgia,agrantc1@devhub.com,30375Frank,Rose,1-(619)769-2249,069 Gina Terrace,fakeCity,California,frosec2@artisteer.com,91913Sean,Garrett,1-(423)207-1640,27 Heath Way,fakeCity,Tennessee,sgarrettc3@sogou.com,37416Carl,Daniels,1-(915)669-0712,7 Grim Way,fakeCity,Texas,cdanielsc4@cbslocal.com,88530Susan,Wright,1-(810)177-8116,02050 Vahlen Way,fakeCity,Michigan,swrightc5@wunderground.com,48505Robin,Hunter,1-(561)709-1456,3492 Del Mar Road,fakeCity,Florida,rhunterc6@reuters.com,33499Lawrence,Griffin,1-(918)445-9897,67060 Forest Dale Crossing,fakeCity,Oklahoma,lgriffinc7@storify.com,74193Nancy,Wood,1-(727)405-1571,73 Dottie Crossing,fakeCity,Florida,nwoodc8@webmd.com,33705Scott,Patterson,1-(971)751-7055,265 Moulton Alley,fakeCity,Oregon,spattersonc9@hc360.com,97229Bonnie,Wagner,1-(610)567-9369,8 Donald Crossing,fakeCity,Pennsylvania,bwagnerca@cloudflare.com,19104Carolyn,Harvey,1-(713)303-9646,1593 Meadow Ridge Lane,fakeCity,Texas,charveycb@bandcamp.com,77080Angela,Lynch,1-(202)177-3884,7850 Russell Junction,fakeCity,District of Columbia,alynchcc@dot.gov,20580Ralph,Coleman,1-(206)155-2614,42 Namekagon Hill,fakeCity,Washington,rcolemancd@hubpages.com,98133Evelyn,Hughes,1-(978)559-6604,492 Gale Circle,fakeCity,Massachusetts,ehughesce@skyrock.com,2119Samuel,Armstrong,1-(209)467-6071,999 Muir Avenue,fakeCity,California,sarmstrongcf@techcrunch.com,95205Antonio,Henderson,1-(850)581-5674,52 Reinke Parkway,fakeCity,Florida,ahendersoncg@mapy.cz,32590Amy,West,1-(806)307-2238,4 Vidon Road,fakeCity,Texas,awestch@engadget.com,79405Richard,Nelson,1-(312)410-4255,78780 Macpherson Parkway,fakeCity,Illinois,rnelsonci@newyorker.com,60624Amy,Ferguson,1-(202)148-0170,30 Blackbird Trail,fakeCity,District of Columbia,afergusoncj@yellowbook.com,20442Martin,Hall,1-(651)280-6089,42372 Packers Parkway,fakeCity,Minnesota,mhallck@linkedin.com,55417Frances,Cox,1-(772)622-1617,7 Lawn Crossing,fakeCity,Florida,fcoxcl@ask.com,32964Todd,Holmes,1-(305)764-0401,6159 Mccormick Street,fakeCity,Florida,tholmescm@photobucket.com,33261Eugene,Morgan,1-(212)604-1767,7 Leroy Park,fakeCity,New York,emorgancn@mlb.com,10024Doris,Wagner,1-(352)653-9523,47 Cottonwood Court,fakeCity,Florida,dwagnerco@army.mil,32627Louis,Barnes,1-(239)143-9778,873 Crest Line Trail,fakeCity,Florida,lbarnescp@google.com.hk,34102Louis,Simmons,1-(206)831-1638,1 Comanche Lane,fakeCity,Washington,lsimmonscq@ifeng.com,98195Jacqueline,Walker,1-(609)284-5419,6839 Little Fleur Hill,fakeCity,New Jersey,jwalkercr@psu.edu,8638Michael,Medina,1-(904)287-2690,22 Bellgrove Parkway,fakeCity,Florida,mmedinacs@creativecommons.org,32204Eric,Powell,1-(804)842-8990,4878 Darwin Lane,fakeCity,Virginia,epowellct@fotki.com,23272Victor,Green,1-(212)343-3875,4 Melody Road,fakeCity,New York,vgreencu@youtube.com,10115Paul,Gutierrez,1-(214)928-6352,22156 Elgar Hill,fakeCity,Texas,pgutierrezcv@ezinearticles.com,75265Catherine,James,1-(319)635-2680,0184 Coolidge Lane,fakeCity,Iowa,cjamescw@jimdo.com,50706Mildred,Fowler,1-(251)826-8884,8 Twin Pines Avenue,fakeCity,Alabama,mfowlercx@rediff.com,36616Ashley,Thomas,1-(678)987-0571,1470 Carberry Pass,fakeCity,Georgia,athomascy@taobao.com,30033Donna,Pierce,1-(903)894-0495,097 Fremont Point,fakeCity,Texas,dpiercecz@howstuffworks.com,75710Diane,Hunt,1-(850)775-3127,2103 Marcy Crossing,fakeCity,Florida,dhuntd0@bing.com,32399Gloria,Elliott,1-(810)343-8920,546 Fairview Plaza,fakeCity,Michigan,gelliottd1@hibu.com,48505Susan,Foster,1-(614)285-0779,8 Victoria Circle,fakeCity,Ohio,sfosterd2@alibaba.com,43284Wayne,Johnson,1-(516)650-2498,3 Clove Drive,fakeCity,New York,wjohnsond3@1und1.de,11407Jane,Lawson,1-(520)690-8331,33 Haas Plaza,fakeCity,Arizona,jlawsond4@acquirethisname.com,85710Billy,Dean,1-(212)518-3007,132 Clyde Gallagher Place,fakeCity,New York,bdeand5@ocn.ne.jp,10120Shirley,Ray,1-(202)258-7898,0 Longview Plaza,fakeCity,District of Columbia,srayd6@wiley.com,20067Robin,Ray,1-(716)700-3275,843 Bartelt Court,fakeCity,New York,rrayd7@reverbnation.com,14276Alice,Wilson,1-(941)252-2065,01404 Muir Street,fakeCity,Florida,awilsond8@rambler.ru,33982Martha,Harrison,1-(786)203-8382,9839 Leroy Road,fakeCity,Florida,mharrisond9@answers.com,33245Janice,Sullivan,1-(413)202-3117,3582 Leroy Circle,fakeCity,Massachusetts,jsullivanda@icq.com,1152Donald,Johnston,1-(214)566-5955,0 Old Shore Pass,fakeCity,Texas,djohnstondb@mediafire.com,75353Bonnie,Carroll,1-(206)291-0927,89 Bellgrove Road,fakeCity,Washington,bcarrolldc@google.com,98175Jennifer,Coleman,1-(405)620-2549,08 Oak Place,fakeCity,Oklahoma,jcolemandd@jugem.jp,73142Sean,Simmons,1-(915)160-7193,10207 Cherokee Road,fakeCity,Texas,ssimmonsde@msn.com,79994Lori,Rose,1-(952)801-7326,01212 Mifflin Drive,fakeCity,Minnesota,lrosedf@forbes.com,55557Gary,Sanders,1-(646)910-0703,35016 Tomscot Plaza,fakeCity,New York,gsandersdg@rambler.ru,10155Richard,Wells,1-(303)624-0175,05 Kipling Avenue,fakeCity,Colorado,rwellsdh@php.net,80291Judy,Brooks,1-(757)789-1171,42 Glacier Hill Terrace,fakeCity,Virginia,jbrooksdi@hc360.com,23471Alan,Henderson,1-(757)169-4097,19772 Pepper Wood Park,fakeCity,Virginia,ahendersondj@aboutads.info,23471Jennifer,Jordan,1-(571)595-6960,276 Huxley Crossing,fakeCity,Virginia,jjordandk@weebly.com,22156Matthew,Fox,1-(702)635-8066,04 Cody Center,fakeCity,Nevada,mfoxdl@storify.com,89166David,Fields,1-(757)757-2810,8 Graceland Court,fakeCity,Virginia,dfieldsdm@e-recht24.de,23509Denise,Reynolds,1-(717)638-5528,59048 Briar Crest Parkway,fakeCity,Pennsylvania,dreynoldsdn@boston.com,17405Catherine,Young,1-(615)544-3006,4032 Daystar Court,fakeCity,Tennessee,cyoungdo@walmart.com,37215Martin,Daniels,1-(813)151-5981,6 Barnett Center,fakeCity,Florida,mdanielsdp@ning.com,33647Jeremy,Chavez,1-(713)619-1090,76 Hansons Park,fakeCity,Texas,jchavezdq@studiopress.com,77025Donna,Watkins,1-(213)915-1016,7704 Roth Street,fakeCity,California,dwatkinsdr@prweb.com,90040Nicole,Taylor,1-(510)862-1116,293 Lighthouse Bay Pass,fakeCity,California,ntaylords@ovh.net,94622Amanda,Gonzalez,1-(386)301-2688,7 Glacier Hill Point,fakeCity,Florida,agonzalezdt@google.de,32123Larry,Cruz,1-(202)259-6382,62 Oneill Parkway,fakeCity,District of Columbia,lcruzdu@ask.com,20425Bruce,Fox,1-(330)322-2607,98968 Moland Plaza,fakeCity,Ohio,bfoxdv@dailymotion.com,44511Sharon,Rose,1-(512)440-8626,41 Donald Park,fakeCity,Texas,srosedw@economist.com,78764Julie,Bowman,1-(504)926-9040,26601 Havey Pass,fakeCity,Louisiana,jbowmandx@dot.gov,70033Donald,Gardner,1-(832)411-4794,4808 Spohn Court,fakeCity,Texas,dgardnerdy@marketwatch.com,77065Catherine,Martinez,1-(217)765-6717,354 Orin Circle,fakeCity,Illinois,cmartinezdz@ovh.net,61825Ruby,Myers,1-(954)330-6361,422 Manitowish Parkway,fakeCity,Florida,rmyerse0@pbs.org,33330Marie,Fernandez,1-(719)312-5727,2 Pankratz Drive,fakeCity,Colorado,mfernandeze1@cnbc.com,80920Donald,Wells,1-(754)234-6493,57 Pine View Road,fakeCity,Florida,dwellse2@scribd.com,33069Aaron,Owens,1-(562)385-1830,2 Larry Pass,fakeCity,California,aowense3@slashdot.org,90605Lawrence,Ruiz,1-(704)244-3416,650 Blaine Parkway,fakeCity,North Carolina,lruize4@gravatar.com,28055Chris,Nichols,1-(319)794-9340,9 Fairview Junction,fakeCity,Iowa,cnicholse5@whitehouse.gov,52410Clarence,Sanders,1-(319)476-6392,4618 Atwood Center,fakeCity,Iowa,csanderse6@comsenz.com,52410Louis,Hicks,1-(716)241-3047,9 Division Road,fakeCity,New York,lhickse7@usatoday.com,14215Jimmy,Fisher,1-(513)271-2435,78 Fisk Place,fakeCity,Ohio,jfishere8@multiply.com,45999Anna,Brooks,1-(202)412-6518,1011 Meadow Ridge Trail,fakeCity,District of Columbia,abrookse9@t.co,56944Richard,Hernandez,1-(215)408-2069,7921 Stephen Lane,fakeCity,Pennsylvania,rhernandezea@creativecommons.org,19178Betty,Ward,1-(757)712-9279,57804 Almo Way,fakeCity,Virginia,bwardeb@google.nl,23612Jose,Flores,1-(410)232-9094,855 Eggendart Hill,fakeCity,Maryland,jfloresec@issuu.com,21282Jimmy,Olson,1-(803)939-5592,492 Blackbird Lane,fakeCity,South Carolina,jolsoned@weebly.com,29208Louis,Ellis,1-(614)514-8084,02 Meadow Valley Hill,fakeCity,Ohio,lellisee@instagram.com,43231Rebecca,Burton,1-(757)589-8132,3 Hansons Road,fakeCity,Virginia,rburtonef@ucoz.com,23705Alan,Fisher,1-(717)986-4403,23 Havey Point,fakeCity,Pennsylvania,afishereg@ca.gov,17126Joseph,Snyder,1-(239)194-1413,28092 Morning Avenue,fakeCity,Florida,jsnydereh@soup.io,33972Beverly,Weaver,1-(202)620-7320,1753 Lindbergh Trail,fakeCity,District of Columbia,bweaverei@i2i.jp,20442Irene,Jackson,1-(574)710-8812,78 Dawn Street,fakeCity,Indiana,ijacksonej@umich.edu,46620Clarence,Reid,1-(913)851-1852,05351 Del Sol Point,fakeCity,Kansas,creidek@plala.or.jp,66225Marilyn,Daniels,1-(336)758-3535,6690 Jenifer Junction,fakeCity,North Carolina,mdanielsel@businesswire.com,27105Kathryn,Hicks,1-(603)190-8430,3 Carioca Center,fakeCity,New Hampshire,khicksem@jugem.jp,3804Martin,Coleman,1-(504)535-7597,796 Stoughton Place,fakeCity,Louisiana,mcolemanen@businesswire.com,70165Deborah,Mitchell,1-(505)136-3879,9793 Myrtle Pass,fakeCity,New Mexico,dmitchelleo@nba.com,87110Anthony,Lawrence,1-(215)861-0087,4066 Rowland Alley,fakeCity,Pennsylvania,alawrenceep@addthis.com,19184Craig,Bishop,1-(912)837-0361,74 Crest Line Street,fakeCity,Georgia,cbishopeq@tuttocitta.it,31416Chris,Banks,1-(502)806-6020,35 Hoard Drive,fakeCity,Kentucky,cbankser@timesonline.co.uk,40220Barbara,Wilson,1-(281)504-2630,74 Crescent Oaks Park,fakeCity,Texas,bwilsones@bandcamp.com,77050Donna,Adams,1-(765)177-3580,524 4th Center,fakeCity,Indiana,dadamset@mail.ru,46015Irene,Ortiz,1-(919)331-6804,32 Lyons Court,fakeCity,North Carolina,iortizeu@cmu.edu,27621Alan,Simpson,1-(610)221-3618,5 5th Street,fakeCity,Pennsylvania,asimpsonev@taobao.com,18105Phillip,Shaw,1-(561)335-1917,564 Stang Pass,fakeCity,Florida,pshawew@illinois.edu,33436Stephen,Chavez,1-(502)517-9183,58 Upham Place,fakeCity,Kentucky,schavezex@europa.eu,40220Chris,Freeman,1-(763)807-8011,163 Orin Hill,fakeCity,Minnesota,cfreemaney@youtu.be,55412Eric,Taylor,1-(509)776-1234,51 Pennsylvania Alley,fakeCity,Washington,etaylorez@t-online.de,99215Christina,Kim,1-(213)336-6166,14 Wayridge Place,fakeCity,California,ckimf0@gov.uk,90101Sara,Schmidt,1-(307)230-3894,483 Marquette Pass,fakeCity,Wyoming,sschmidtf1@pcworld.com,82007Gregory,Diaz,1-(203)960-1979,69168 Quincy Pass,fakeCity,Connecticut,gdiazf2@hubpages.com,6510Howard,Williams,1-(330)714-5985,6458 Atwood Way,fakeCity,Ohio,hwilliamsf3@harvard.edu,44329Beverly,Vasquez,1-(504)857-7878,320 Rieder Junction,fakeCity,Louisiana,bvasquezf4@businessinsider.com,70116Jerry,Wells,1-(281)690-8653,349 Waywood Avenue,fakeCity,Texas,jwellsf5@creativecommons.org,77090Rachel,Garcia,1-(609)307-8236,0 Brentwood Parkway,fakeCity,New Jersey,rgarciaf6@multiply.com,8619Frances,Cox,1-(713)590-2683,2162 Grayhawk Street,fakeCity,Texas,fcoxf7@wikipedia.org,77346Thomas,Taylor,1-(785)805-0830,9236 Union Lane,fakeCity,Kansas,ttaylorf8@freewebs.com,66622Harold,Green,1-(718)342-1492,1 Gerald Plaza,fakeCity,New York,hgreenf9@de.vu,10009Matthew,Spencer,1-(208)443-4737,14 New Castle Center,fakeCity,Oregon,mspencerfa@imgur.com,97211Richard,Wells,1-(850)930-1321,72 Sycamore Circle,fakeCity,Florida,rwellsfb@hubpages.com,32575Kathleen,Foster,1-(408)318-0602,97641 East Pass,fakeCity,California,kfosterfc@soundcloud.com,95138Nicholas,Barnes,1-(412)985-7209,5433 High Crossing Terrace,fakeCity,Pennsylvania,nbarnesfd@taobao.com,15230William,King,1-(540)739-5565,149 Blaine Alley,fakeCity,Virginia,wkingfe@yolasite.com,24014Craig,Taylor,1-(941)192-9557,57 Starling Hill,fakeCity,Florida,ctaylorff@dagondesign.com,34642Jennifer,Chavez,1-(260)273-2580,5 Center Crossing,fakeCity,Indiana,jchavezfg@thetimes.co.uk,46825Emily,Baker,1-(816)949-6758,3249 Northport Crossing,fakeCity,Missouri,ebakerfh@wufoo.com,64130Marie,Gardner,1-(914)522-5433,52078 Oak Valley Center,fakeCity,New York,mgardnerfi@hud.gov,10606Tammy,Hicks,1-(910)716-2031,40 Drewry Hill,fakeCity,North Carolina,thicksfj@fc2.com,28314Aaron,Ortiz,1-(661)558-9848,56 Reindahl Road,fakeCity,California,aortizfk@blog.com,93584Lisa,Carter,1-(314)496-7035,746 Briar Crest Parkway,fakeCity,Missouri,lcarterfl@forbes.com,63180Martha,Jones,1-(773)131-2046,334 Delaware Court,fakeCity,Illinois,mjonesfm@bluehost.com,60652Amy,Howard,1-(405)436-7826,379 Grim Road,fakeCity,Oklahoma,ahowardfn@reference.com,73147Martha,Freeman,1-(240)243-0338,521 Vera Center,fakeCity,Maryland,mfreemanfo@gov.uk,21747Christine,Martinez,1-(952)457-2413,67866 Bobwhite Alley,fakeCity,Minnesota,cmartinezfp@seesaa.net,55557Jason,Kennedy,1-(585)901-8963,80 Dayton Park,fakeCity,New York,jkennedyfq@unblog.fr,14652Margaret,White,1-(818)844-8461,2 Fordem Junction,fakeCity,California,mwhitefr@europa.eu,90510Angela,Reyes,1-(319)844-1009,84 Oakridge Road,fakeCity,Iowa,areyesfs@marriott.com,52245Roger,Franklin,1-(202)743-4715,1228 Banding Road,fakeCity,District of Columbia,rfranklinft@psu.edu,20540Kimberly,Ruiz,1-(202)589-2946,4 Michigan Trail,fakeCity,District of Columbia,kruizfu@lulu.com,20319Denise,Williamson,1-(571)580-6721,3 Dorton Road,fakeCity,Virginia,dwilliamsonfv@bandcamp.com,22036Irene,Ramirez,1-(801)675-2412,9 Buena Vista Center,fakeCity,Utah,iramirezfw@webnode.com,84189George,Martin,1-(425)712-7749,8 Bayside Junction,fakeCity,Washington,gmartinfx@ihg.com,98206Jose,Day,1-(646)972-0287,5911 3rd Parkway,fakeCity,New York,jdayfy@youku.com,10099Lillian,Gonzalez,1-(816)635-7032,9 Raven Court,fakeCity,Missouri,lgonzalezfz@bloomberg.com,64130Amy,Romero,1-(602)562-3548,997 Declaration Road,fakeCity,Arizona,aromerog0@army.mil,85045Douglas,Mcdonald,1-(402)321-2641,53 Anniversary Trail,fakeCity,Nebraska,dmcdonaldg1@tiny.cc,68510Janet,Armstrong,1-(254)705-0452,9 Erie Court,fakeCity,Texas,jarmstrongg2@wunderground.com,76544Stephen,Campbell,1-(601)487-3962,753 Glacier Hill Center,fakeCity,Mississippi,scampbellg3@woothemes.com,39305Wanda,Woods,1-(502)219-5730,0 Dahle Pass,fakeCity,Kentucky,wwoodsg4@vkontakte.ru,40250Samuel,Grant,1-(310)183-8238,5601 Utah Hill,fakeCity,California,sgrantg5@chron.com,90410Janice,Sanders,1-(937)726-8684,66824 Harper Way,fakeCity,Ohio,jsandersg6@canalblog.com,45414Thomas,Sullivan,1-(248)802-6763,83 Sommers Road,fakeCity,Michigan,tsullivang7@state.gov,48242Timothy,Cunningham,1-(860)788-0987,45 Harper Junction,fakeCity,Connecticut,tcunninghamg8@angelfire.com,6160Lillian,Little,1-(727)193-2077,614 Lukken Alley,fakeCity,Florida,llittleg9@yelp.com,33715Irene,Webb,1-(307)824-3266,2 Ilene Park,fakeCity,Wyoming,iwebbga@nationalgeographic.com,82007Juan,Chavez,1-(609)520-5565,2 Lyons Center,fakeCity,New Jersey,jchavezgb@loc.gov,8650Janice,Ramos,1-(704)784-8027,6350 Tennyson Way,fakeCity,North Carolina,jramosgc@yelp.com,28225Joe,Phillips,1-(952)601-3374,330 Packers Hill,fakeCity,Minnesota,jphillipsgd@reuters.com,55573Howard,Kelly,1-(404)683-3315,9908 Fisk Circle,fakeCity,Georgia,hkellyge@yolasite.com,30045George,Morrison,1-(989)657-6587,426 Ramsey Alley,fakeCity,Michigan,gmorrisongf@g.co,48604Lois,Rogers,1-(405)813-6169,847 Claremont Place,fakeCity,Oklahoma,lrogersgg@thetimes.co.uk,73152Donald,Palmer,1-(903)494-2730,80 Killdeer Pass,fakeCity,Texas,dpalmergh@woothemes.com,75507William,Ferguson,1-(843)910-1893,9 Basil Junction,fakeCity,South Carolina,wfergusongi@phoca.cz,29424Melissa,Griffin,1-(213)660-8813,6 Thackeray Avenue,fakeCity,California,mgriffingj@examiner.com,90087Rachel,Morrison,1-(513)264-3325,154 Esch Trail,fakeCity,Ohio,rmorrisongk@jiathis.com,45296Timothy,Sims,1-(213)121-0577,3291 Clemons Junction,fakeCity,California,tsimsgl@seattletimes.com,90065Martin,Dunn,1-(208)473-8660,93 Westport Way,fakeCity,Idaho,mdunngm@about.com,83405Sandra,Bradley,1-(719)522-6431,001 Armistice Parkway,fakeCity,Colorado,sbradleygn@gizmodo.com,80930Joyce,Boyd,1-(216)352-2976,0010 Express Place,fakeCity,Ohio,jboydgo@chicagotribune.com,44111Janet,Campbell,1-(714)987-9052,76034 Merrick Trail,fakeCity,California,jcampbellgp@soup.io,92648Craig,Patterson,1-(336)702-0320,55 Forster Hill,fakeCity,North Carolina,cpattersongq@npr.org,27150Kathryn,Pierce,1-(412)325-5179,8 Swallow Trail,fakeCity,Pennsylvania,kpiercegr@chron.com,15240Martha,James,1-(816)964-4174,56 Lawn Terrace,fakeCity,Missouri,mjamesgs@unicef.org,64179Eugene,Lawrence,1-(907)992-1053,2 Fuller Circle,fakeCity,Alaska,elawrencegt@craigslist.org,99512Helen,Richards,1-(520)228-3352,69 Logan Drive,fakeCity,Arizona,hrichardsgu@meetup.com,85754Michelle,Thomas,1-(626)674-3979,0393 Loomis Trail,fakeCity,California,mthomasgv@china.com.cn,91411Alan,Boyd,1-(843)138-3194,9396 Reinke Court,fakeCity,South Carolina,aboydgw@acquirethisname.com,29411Clarence,Young,1-(915)955-1357,538 Texas Pass,fakeCity,Texas,cyounggx@army.mil,79977Shawn,Perkins,1-(864)919-9041,09 Prairie Rose Circle,fakeCity,South Carolina,sperkinsgy@nsw.gov.au,29615Theresa,Mitchell,1-(563)862-1122,0644 Beilfuss Lane,fakeCity,Iowa,tmitchellgz@ning.com,52804Julie,Phillips,1-(813)377-3124,1780 Brentwood Plaza,fakeCity,Florida,jphillipsh0@hao123.com,33543Diana,Cruz,1-(713)929-6323,59 Nobel Road,fakeCity,Texas,dcruzh1@instagram.com,77015Joseph,Montgomery,1-(941)320-6282,2 Waywood Way,fakeCity,Florida,jmontgomeryh2@prlog.org,33982Betty,Hansen,1-(757)515-9160,9 Pierstorff Point,fakeCity,Virginia,bhansenh3@google.it,23705Mark,Reed,1-(713)158-8688,35661 Village Green Hill,fakeCity,Texas,mreedh4@icio.us,77030Christopher,Welch,1-(203)620-3238,481 Saint Paul Parkway,fakeCity,Connecticut,cwelchh5@elegantthemes.com,6912Richard,Romero,1-(915)355-0979,4 Magdeline Hill,fakeCity,Texas,rromeroh6@ted.com,88553Theresa,Ward,1-(254)778-7603,8083 Declaration Hill,fakeCity,Texas,twardh7@canalblog.com,76505Katherine,Woods,1-(901)183-0203,41442 Briar Crest Place,fakeCity,Tennessee,kwoodsh8@addtoany.com,38181Tina,Cruz,1-(413)237-2903,539 Melvin Parkway,fakeCity,Massachusetts,tcruzh9@ovh.net,1129Angela,Martin,1-(804)838-4244,5692 Almo Drive,fakeCity,Virginia,amartinha@amazon.co.uk,23220Ruby,Williams,1-(480)247-1066,7573 Lerdahl Place,fakeCity,Arizona,rwilliamshb@cbslocal.com,85005Virginia,Chavez,1-(323)723-4589,4 Northland Place,fakeCity,California,vchavezhc@themeforest.net,90810Stephanie,Williams,1-(202)683-9470,7541 Daystar Avenue,fakeCity,District of Columbia,swilliamshd@who.int,20520Frances,Welch,1-(317)418-4738,483 Acker Circle,fakeCity,Indiana,fwelchhe@issuu.com,46247Jimmy,Meyer,1-(626)748-0337,1528 Sutherland Center,fakeCity,California,jmeyerhf@paginegialle.it,91117Frank,Walker,1-(406)219-6856,31946 Buell Parkway,fakeCity,Montana,fwalkerhg@msn.com,59105Denise,Clark,1-(806)866-4558,4421 Vahlen Alley,fakeCity,Texas,dclarkhh@usatoday.com,79116Harold,Payne,1-(231)792-6633,08 Heffernan Plaza,fakeCity,Michigan,hpaynehi@redcross.org,49444Marilyn,Evans,1-(912)948-0868,5051 Garrison Parkway,fakeCity,Georgia,mevanshj@360.cn,31422Harry,Simmons,1-(941)691-7197,72027 Miller Alley,fakeCity,Florida,hsimmonshk@tamu.edu,34102Marie,Moore,1-(720)805-6297,53023 Truax Plaza,fakeCity,Colorado,mmoorehl@irs.gov,80299Karen,Mitchell,1-(801)200-2976,29906 Sauthoff Point,fakeCity,Utah,kmitchellhm@shinystat.com,84120Shawn,Tucker,1-(901)254-4421,72 Hudson Park,fakeCity,Tennessee,stuckerhn@mail.ru,38126Jessica,Daniels,1-(317)250-2541,9 Corben Plaza,fakeCity,Indiana,jdanielsho@fotki.com,46221Lawrence,Ramos,1-(720)318-3137,1758 Warner Street,fakeCity,Colorado,lramoshp@360.cn,80126Ernest,Chapman,1-(408)893-4865,86 Karstens Pass,fakeCity,California,echapmanhq@kickstarter.com,95133Howard,Allen,1-(925)885-6309,6005 Fordem Drive,fakeCity,California,hallenhr@edublogs.org,94522Larry,Scott,1-(323)232-0906,589 Eastwood Lane,fakeCity,California,lscotths@amazonaws.com,90094Evelyn,Moreno,1-(602)497-9083,8 Toban Place,fakeCity,Arizona,emorenoht@google.co.uk,85067Carol,Lewis,1-(765)618-9817,09 Victoria Parkway,fakeCity,Indiana,clewishu@cnbc.com,46202Gary,Vasquez,1-(502)632-0137,327 Pankratz Circle,fakeCity,Kentucky,gvasquezhv@miibeian.gov.cn,40225Wanda,Mitchell,1-(904)451-4366,69255 Ridge Oak Hill,fakeCity,Florida,wmitchellhw@ezinearticles.com,32220Cynthia,Hill,1-(410)315-9262,45 Vidon Junction,fakeCity,Maryland,chillhx@xinhuanet.com,21216Ernest,Montgomery,1-(510)136-8222,3844 Paget Street,fakeCity,California,emontgomeryhy@lycos.com,94712Carlos,Bishop,1-(305)561-4473,622 Warrior Parkway,fakeCity,Florida,cbishophz@reverbnation.com,33064Deborah,Gardner,1-(330)173-5389,4 Banding Lane,fakeCity,Ohio,dgardneri0@intel.com,44485Jack,Chapman,1-(713)267-6154,12 Cordelia Lane,fakeCity,Texas,jchapmani1@phpbb.com,77234Harold,Patterson,1-(850)715-7385,0 Nancy Center,fakeCity,Florida,hpattersoni2@webmd.com,32520Aaron,Mccoy,1-(619)543-0536,82 Clarendon Hill,fakeCity,California,amccoyi3@umn.edu,92186Irene,Wheeler,1-(619)127-7572,66233 Lighthouse Bay Lane,fakeCity,California,iwheeleri4@163.com,91913Antonio,Johnson,1-(202)488-5422,5 Delaware Drive,fakeCity,District of Columbia,ajohnsoni5@harvard.edu,20260Martha,Diaz,1-(817)261-2417,19 Arizona Point,fakeCity,Texas,mdiazi6@fastcompany.com,76134Justin,Lawson,1-(971)907-8817,697 Northland Place,fakeCity,Oregon,jlawsoni7@mlb.com,97240Carol,Perry,1-(505)674-5456,43301 Portage Park,fakeCity,New Mexico,cperryi8@wunderground.com,87190Lori,Morrison,1-(623)232-0634,410 Merrick Parkway,fakeCity,Arizona,lmorrisoni9@upenn.edu,85015Kathleen,Nichols,1-(757)131-4298,0884 Superior Park,fakeCity,Virginia,knicholsia@sbwire.com,23509Earl,Martinez,1-(334)720-7203,15510 Brickson Park Trail,fakeCity,Alabama,emartinezib@pcworld.com,36104David,Austin,1-(850)224-6216,6 Caliangt Trail,fakeCity,Florida,daustinic@reverbnation.com,32595Edward,Olson,1-(203)946-6409,38520 Comanche Park,fakeCity,Connecticut,eolsonid@people.com.cn,6510Jessica,Thomas,1-(304)686-9026,4419 Carberry Pass,fakeCity,West Virginia,jthomasie@ted.com,25711Jane,Dunn,1-(408)708-7474,511 6th Court,fakeCity,California,jdunnif@slideshare.net,95118Ernest,Murphy,1-(404)599-4265,692 Superior Way,fakeCity,Georgia,emurphyig@intel.com,30356Angela,Lewis,1-(940)909-3222,81656 Brickson Park Crossing,fakeCity,Texas,alewisih@berkeley.edu,76310Amanda,Willis,1-(816)614-4242,6 3rd Avenue,fakeCity,Missouri,awillisii@cbslocal.com,64199Jose,Fields,1-(570)638-7203,89 Fieldstone Trail,fakeCity,Pennsylvania,jfieldsij@dmoz.org,18505Larry,Mitchell,1-(212)748-5185,75 Armistice Avenue,fakeCity,New York,lmitchellik@i2i.jp,10079Ashley,Green,1-(253)523-8235,7 Ryan Avenue,fakeCity,Washington,agreenil@webs.com,98447Arthur,Burke,1-(801)988-9990,56 Luster Alley,fakeCity,Utah,aburkeim@aol.com,84130Steve,Miller,1-(951)306-1056,84 Summerview Plaza,fakeCity,California,smillerin@china.com.cn,92555Peter,Bowman,1-(773)743-0247,7187 Lerdahl Junction,fakeCity,Illinois,pbowmanio@dailymotion.com,60609Steve,Sims,1-(954)982-9521,84904 Warner Hill,fakeCity,Florida,ssimsip@npr.org,33315Jack,Henry,1-(316)153-3548,0224 Walton Lane,fakeCity,Kansas,jhenryiq@google.com.br,67210Benjamin,Cook,1-(724)178-8409,29601 Russell Drive,fakeCity,Pennsylvania,bcookir@twitpic.com,16107Ralph,Mccoy,1-(336)934-4373,4396 Brickson Park Place,fakeCity,North Carolina,rmccoyis@themeforest.net,27105Albert,Greene,1-(425)557-8701,291 Prentice Center,fakeCity,Washington,agreeneit@reverbnation.com,98109Harold,Hall,1-(502)347-5727,3 Towne Place,fakeCity,Kentucky,hhalliu@nba.com,40215Amanda,Brown,1-(716)482-5747,2419 Northfield Way,fakeCity,New York,abrowniv@huffingtonpost.com,14205Ryan,Hart,1-(215)481-3783,289 Badeau Plaza,fakeCity,Pennsylvania,rhartiw@stumbleupon.com,19131Helen,Kelley,1-(209)187-4578,81978 Darwin Crossing,fakeCity,California,hkelleyix@devhub.com,95210Amanda,Hart,1-(314)548-6958,17485 Clyde Gallagher Drive,fakeCity,Missouri,ahartiy@google.it,63116Andrea,Campbell,1-(661)541-2592,2883 Parkside Terrace,fakeCity,California,acampbelliz@issuu.com,93399Donna,Adams,1-(901)938-1205,0006 Melody Lane,fakeCity,Tennessee,dadamsj0@ezinearticles.com,38181Lillian,Mitchell,1-(251)883-6469,48 Oakridge Lane,fakeCity,Alabama,lmitchellj1@unc.edu,36605Carl,Hamilton,1-(513)335-1426,3 Twin Pines Place,fakeCity,Ohio,chamiltonj2@tumblr.com,45218Amy,Vasquez,1-(704)952-7048,6525 Sunnyside Junction,fakeCity,North Carolina,avasquezj3@mapquest.com,28230Tina,Murray,1-(601)209-0929,23 Oakridge Center,fakeCity,Mississippi,tmurrayj4@storify.com,39216Doris,Peters,1-(813)994-7490,73 International Trail,fakeCity,Florida,dpetersj5@latimes.com,33633Dorothy,Rose,1-(918)132-7265,16 Grayhawk Street,fakeCity,Oklahoma,drosej6@github.com,74103Rose,Burke,1-(702)656-4169,0 Pawling Road,fakeCity,Nevada,rburkej7@eventbrite.com,89166Emily,Gardner,1-(225)855-4340,6 Tony Alley,fakeCity,Louisiana,egardnerj8@cornell.edu,70815Anthony,Rice,1-(310)365-1667,2 Florence Junction,fakeCity,California,aricej9@devhub.com,90410Walter,Graham,1-(850)874-4141,5141 Kingsford Road,fakeCity,Florida,wgrahamja@mtv.com,32575Michelle,Day,1-(763)972-7857,6 Messerschmidt Alley,fakeCity,Minnesota,mdayjb@who.int,55446Marilyn,Russell,1-(704)694-4362,43 Washington Alley,fakeCity,North Carolina,mrusselljc@ovh.net,28284Barbara,Perkins,1-(239)933-9528,50 Talisman Point,fakeCity,Florida,bperkinsjd@theglobeandmail.com,34114Beverly,Lewis,1-(515)751-3413,533 Spaight Junction,fakeCity,Iowa,blewisje@trellian.com,50305Charles,Carr,1-(425)552-9491,56823 Veith Hill,fakeCity,Washington,ccarrjf@altervista.org,98158Julia,Stevens,1-(317)936-0477,221 Bowman Drive,fakeCity,Indiana,jstevensjg@dailymail.co.uk,46207Roy,Hanson,1-(304)778-3488,773 Shelley Avenue,fakeCity,West Virginia,rhansonjh@fda.gov,25336Ann,Payne,1-(219)440-8473,5 Sunfield Road,fakeCity,Indiana,apayneji@wikimedia.org,46406Willie,Campbell,1-(317)985-1467,5 Sauthoff Avenue,fakeCity,Indiana,wcampbelljj@sitemeter.com,46295Arthur,Clark,1-(573)260-3410,2183 Manley Street,fakeCity,Missouri,aclarkjk@liveinternet.ru,65110Nicholas,Bradley,1-(952)732-8960,42271 Hanson Street,fakeCity,Minnesota,nbradleyjl@vkontakte.ru,55446Kelly,Hudson,1-(786)779-9442,097 Heath Plaza,fakeCity,Florida,khudsonjm@list-manage.com,33169Maria,Mendoza,1-(713)260-3065,1565 Monica Street,fakeCity,Texas,mmendozajn@so-net.ne.jp,77223Lillian,Harvey,1-(404)842-7044,009 Cody Center,fakeCity,Georgia,lharveyjo@bandcamp.com,30356Larry,Fields,1-(360)956-2793,4300 Sycamore Alley,fakeCity,Washington,lfieldsjp@independent.co.uk,98682Jimmy,Burke,1-(404)536-7523,5 Autumn Leaf Terrace,fakeCity,Georgia,jburkejq@ft.com,31190Eugene,Robinson,1-(407)587-1843,35 Vernon Circle,fakeCity,Florida,erobinsonjr@joomla.org,32118Jessica,Garza,1-(832)120-8381,2503 Service Street,fakeCity,Texas,jgarzajs@usnews.com,77040Tammy,Bishop,1-(513)351-4120,8 Brickson Park Parkway,fakeCity,Ohio,tbishopjt@people.com.cn,45218Denise,Nichols,1-(203)236-2770,4981 Sycamore Crossing,fakeCity,Connecticut,dnicholsju@deliciousdays.com,6825Angela,Stevens,1-(202)885-7625,323 Prairieview Junction,fakeCity,District of Columbia,astevensjv@qq.com,20310Clarence,Wallace,1-(775)438-1330,56759 Hauk Terrace,fakeCity,Nevada,cwallacejw@samsung.com,89436Kathy,Duncan,1-(734)698-3501,0241 Manley Road,fakeCity,Michigan,kduncanjx@latimes.com,48258Edward,Dean,1-(415)780-3435,4 Mendota Road,fakeCity,California,edeanjy@geocities.com,94611Aaron,Sanders,1-(408)485-8530,701 Cambridge Circle,fakeCity,California,asandersjz@dedecms.com,95133Carolyn,Franklin,1-(419)194-9282,985 Schlimgen Center,fakeCity,Ohio,cfranklink0@latimes.com,44905Julie,Dunn,1-(212)921-8272,16176 Almo Junction,fakeCity,New York,jdunnk1@etsy.com,10260Jerry,Griffin,1-(775)532-8564,34 Russell Junction,fakeCity,Nevada,jgriffink2@histats.com,89706Gerald,Ford,1-(540)594-2048,33186 Maple Wood Circle,fakeCity,Virginia,gfordk3@umich.edu,24034Sharon,Chapman,1-(619)239-6443,43162 Schmedeman Way,fakeCity,California,schapmank4@geocities.jp,92137Carolyn,Porter,1-(816)937-0957,0040 Spaight Park,fakeCity,Missouri,cporterk5@kickstarter.com,64109Lillian,Nguyen,1-(757)877-7082,8321 Melby Lane,fakeCity,Virginia,lnguyenk6@eventbrite.com,23509Heather,Berry,1-(518)947-4898,36325 Mockingbird Point,fakeCity,New York,hberryk7@shop-pro.jp,12247Martha,Davis,1-(903)672-6961,9791 Hauk Point,fakeCity,Texas,mdavisk8@hexun.com,75710Jesse,Sanchez,1-(212)360-5441,3980 Pine View Point,fakeCity,New York,jsanchezk9@upenn.edu,10004Beverly,Wilson,1-(704)857-1510,6 Mandrake Lane,fakeCity,North Carolina,bwilsonka@joomla.org,28235Peter,Hansen,1-(630)336-6178,65356 Russell Trail,fakeCity,Illinois,phansenkb@answers.com,60193Roy,Murray,1-(586)821-0677,514 Loomis Circle,fakeCity,Michigan,rmurraykc@hao123.com,48206William,Murphy,1-(804)291-5793,6 Cambridge Court,fakeCity,Virginia,wmurphykd@webeden.co.uk,23260Thomas,Washington,1-(518)361-8713,7 Westerfield Drive,fakeCity,New York,twashingtonke@tinypic.com,12222Ryan,Kelley,1-(617)791-6310,61 Dakota Park,fakeCity,Massachusetts,rkelleykf@goo.ne.jp,2124Pamela,Burton,1-(661)361-5318,28448 Troy Crossing,fakeCity,California,pburtonkg@shutterfly.com,93591Irene,Olson,1-(765)423-1460,60 Garrison Junction,fakeCity,Indiana,iolsonkh@auda.org.au,47905Diane,Alexander,1-(702)643-5874,69976 Bluejay Junction,fakeCity,Nevada,dalexanderki@wikia.com,89087Johnny,Barnes,1-(404)760-7951,835 Melody Hill,fakeCity,Georgia,jbarneskj@unc.edu,30375Kathleen,Gray,1-(202)490-4524,9926 Stoughton Place,fakeCity,District of Columbia,kgraykk@amazon.co.uk,20599Gary,Chapman,1-(718)111-1840,2995 Hayes Avenue,fakeCity,New York,gchapmankl@wikipedia.org,10459Catherine,Medina,1-(773)639-2804,37 Esker Park,fakeCity,Illinois,cmedinakm@vistaprint.com,60636Henry,Perkins,1-(714)854-7293,266 Westend Circle,fakeCity,California,hperkinskn@nbcnews.com,92812Larry,Evans,1-(352)117-8853,0 Mccormick Way,fakeCity,Florida,levansko@tripadvisor.com,32627Carol,Kennedy,1-(202)863-1403,4988 Vahlen Street,fakeCity,District of Columbia,ckennedykp@tinypic.com,20442Harry,Dixon,1-(608)406-4263,2749 Mcguire Way,fakeCity,Wisconsin,hdixonkq@nbcnews.com,53705Andrew,Diaz,1-(978)576-3271,424 Mallard Drive,fakeCity,Massachusetts,adiazkr@webs.com,2472Wayne,Banks,1-(213)116-8436,32 Mallard Court,fakeCity,California,wbanksks@mayoclinic.com,90055Tammy,Willis,1-(520)101-1882,0971 Russell Way,fakeCity,Arizona,twilliskt@senate.gov,85737Jeremy,Wagner,1-(915)667-1169,05 Gulseth Place,fakeCity,Texas,jwagnerku@cpanel.net,88514Donald,Roberts,1-(678)931-2857,210 Northport Crossing,fakeCity,Georgia,drobertskv@wikia.com,30066Cynthia,Oliver,1-(904)347-4768,89032 Lighthouse Bay Street,fakeCity,Florida,coliverkw@noaa.gov,32244Timothy,Burke,1-(502)336-0691,51947 Autumn Leaf Avenue,fakeCity,Kentucky,tburkekx@drupal.org,40266Jimmy,Mitchell,1-(210)156-3327,3200 Norway Maple Circle,fakeCity,Texas,jmitchellky@cpanel.net,78205Kevin,Mason,1-(910)728-5614,6471 Sloan Road,fakeCity,North Carolina,kmasonkz@microsoft.com,28305Lawrence,Johnson,1-(214)144-8553,5674 Hermina Court,fakeCity,Texas,ljohnsonl0@etsy.com,75277Sara,Wells,1-(202)805-7225,5 Everett Lane,fakeCity,District of Columbia,swellsl1@cloudflare.com,20575John,Simpson,1-(608)686-4424,219 Norway Maple Hill,fakeCity,Wisconsin,jsimpsonl2@t.co,53716Jacqueline,Fernandez,1-(612)129-7534,86 Coleman Place,fakeCity,Minnesota,jfernandezl3@va.gov,55480Stephen,Brooks,1-(785)652-6946,55507 Bellgrove Lane,fakeCity,Kansas,sbrooksl4@kickstarter.com,66622James,Bell,1-(310)407-5457,58 John Wall Crossing,fakeCity,California,jbelll5@sciencedirect.com,90015Catherine,Mills,1-(812)824-2702,23 Gerald Crossing,fakeCity,Indiana,cmillsl6@canalblog.com,47747Walter,Reyes,1-(760)468-9917,3319 Tomscot Way,fakeCity,California,wreyesl7@house.gov,92668James,Wood,1-(804)857-4589,9570 Bashford Junction,fakeCity,Virginia,jwoodl8@com.com,23203David,Mason,1-(281)131-3204,698 Clyde Gallagher Park,fakeCity,Texas,dmasonl9@usda.gov,77050Catherine,Wallace,1-(503)969-8767,13413 Butterfield Plaza,fakeCity,Oregon,cwallacela@answers.com,97306Annie,Hunt,1-(719)519-0191,561 Maple Wood Junction,fakeCity,Colorado,ahuntlb@cisco.com,80951Katherine,Crawford,1-(510)367-0268,7 Lake View Avenue,fakeCity,California,kcrawfordlc@seattletimes.com,94712Sharon,West,1-(601)328-4832,255 Rigney Alley,fakeCity,Mississippi,swestld@friendfeed.com,39404Edward,Wilson,1-(919)563-5148,11 Harper Hill,fakeCity,North Carolina,ewilsonle@comcast.net,27690Patricia,Reyes,1-(336)182-5008,71 Aberg Parkway,fakeCity,North Carolina,preyeslf@apple.com,27415Robin,Cook,1-(210)774-2522,7528 Quincy Lane,fakeCity,Texas,rcooklg@spotify.com,78255Nancy,Jenkins,1-(501)157-1756,916 Superior Circle,fakeCity,Arkansas,njenkinslh@stumbleupon.com,72222Ernest,Ward,1-(785)418-3645,49162 Commercial Hill,fakeCity,Kansas,ewardli@uiuc.edu,66642Jessica,Lawson,1-(941)563-4562,571 John Wall Junction,fakeCity,Florida,jlawsonlj@shutterfly.com,34205Barbara,Kelley,1-(425)825-0977,321 Saint Paul Terrace,fakeCity,Washington,bkelleylk@behance.net,98206Ruby,Marshall,1-(626)318-4698,1 Sugar Avenue,fakeCity,California,rmarshallll@sohu.com,91199Deborah,Cox,1-(334)492-3580,896 Ridgeview Alley,fakeCity,Alabama,dcoxlm@howstuffworks.com,36119Catherine,Warren,1-(404)952-5398,64 Northwestern Place,fakeCity,Georgia,cwarrenln@wiley.com,30386Lois,Thompson,1-(504)118-5013,8601 Gulseth Point,fakeCity,Louisiana,lthompsonlo@reddit.com,70165Jane,Berry,1-(915)374-0767,5073 Crownhardt Park,fakeCity,Texas,jberrylp@apple.com,79934Benjamin,Carroll,1-(727)901-6101,395 Sachtjen Crossing,fakeCity,Florida,bcarrolllq@google.com.hk,33777Gregory,Rivera,1-(915)770-7089,3408 American Way,fakeCity,Texas,griveralr@rakuten.co.jp,79994Ruby,Murray,1-(310)129-9184,47 Doe Crossing Alley,fakeCity,California,rmurrayls@bizjournals.com,94302Beverly,Evans,1-(919)866-7211,1629 Pennsylvania Plaza,fakeCity,North Carolina,bevanslt@lycos.com,27690Kenneth,Ross,1-(337)930-5551,69973 Springview Alley,fakeCity,Louisiana,krosslu@purevolume.com,70593Scott,Larson,1-(713)923-6480,03 Scoville Parkway,fakeCity,Texas,slarsonlv@auda.org.au,77388Roy,Robertson,1-(323)420-7236,9982 Corben Avenue,fakeCity,California,rrobertsonlw@liveinternet.ru,90076Jesse,Gordon,1-(423)873-1264,047 Pine View Pass,fakeCity,Tennessee,jgordonlx@163.com,37450Gloria,Lawrence,1-(317)239-0226,69488 Oak Valley Crossing,fakeCity,Indiana,glawrencely@thetimes.co.uk,46231Thomas,Russell,1-(240)698-8651,23 Cardinal Drive,fakeCity,Maryland,trusselllz@i2i.jp,21705Michelle,Campbell,1-(281)160-1516,14113 Mockingbird Street,fakeCity,Texas,mcampbellm0@imgur.com,77050Steven,Morgan,1-(309)755-0088,9 Ramsey Crossing,fakeCity,Illinois,smorganm1@yahoo.co.jp,61629Linda,Wheeler,1-(404)447-3461,83 Straubel Terrace,fakeCity,Georgia,lwheelerm2@goo.ne.jp,30195Louise,Jacobs,1-(202)882-7949,54 Merchant Avenue,fakeCity,District of Columbia,ljacobsm3@github.com,20238Jason,Henry,1-(703)349-4509,56183 Starling Place,fakeCity,District of Columbia,jhenrym4@telegraph.co.uk,20041Christina,Mendoza,1-(314)489-3572,2 Delaware Place,fakeCity,Missouri,cmendozam5@stanford.edu,63131Eugene,Flores,1-(831)523-3790,86008 John Wall Park,fakeCity,California,efloresm6@amazon.com,95064Roger,Cruz,1-(518)659-8873,606 Comanche Circle,fakeCity,New York,rcruzm7@tinyurl.com,12255Matthew,Hughes,1-(757)870-6421,412 Texas Junction,fakeCity,Virginia,mhughesm8@nps.gov,23504Matthew,Jenkins,1-(208)856-9594,8 Johnson Junction,fakeCity,Idaho,mjenkinsm9@skype.com,83757Matthew,Robinson,1-(503)243-7956,82755 Hermina Way,fakeCity,Oregon,mrobinsonma@imgur.com,97206Angela,Evans,1-(281)533-9773,71 Independence Terrace,fakeCity,Texas,aevansmb@shinystat.com,77045Carol,Boyd,1-(916)932-0653,58013 Farwell Junction,fakeCity,California,cboydmc@hubpages.com,95852Donna,Payne,1-(913)904-4425,544 Florence Pass,fakeCity,Kansas,dpaynemd@istockphoto.com,66105Billy,Watson,1-(404)921-8423,4 Hollow Ridge Court,fakeCity,Georgia,bwatsonme@mapy.cz,31196Andrea,Romero,1-(951)261-9238,41123 Weeping Birch Park,fakeCity,California,aromeromf@usda.gov,92555Martin,Smith,1-(303)212-8457,0 Di Loreto Circle,fakeCity,Colorado,msmithmg@naver.com,80270Anna,Nelson,1-(402)731-8438,5 Gina Street,fakeCity,Nebraska,anelsonmh@phpbb.com,68505Larry,Brown,1-(501)312-5498,1 Shoshone Street,fakeCity,Arkansas,lbrownmi@toplist.cz,72199Dennis,Roberts,1-(440)317-6213,4 Texas Place,fakeCity,Ohio,drobertsmj@360.cn,44177Frances,Tucker,1-(210)462-3967,153 Mccormick Trail,fakeCity,Texas,ftuckermk@japanpost.jp,78278Joyce,Jordan,1-(918)879-0866,1063 Mesta Street,fakeCity,Oklahoma,jjordanml@marriott.com,74103Phyllis,Brown,1-(603)295-6628,8 Lerdahl Point,fakeCity,New Hampshire,pbrownmm@stanford.edu,214Michelle,Williams,1-(304)768-8783,0 Prairie Rose Terrace,fakeCity,West Virginia,mwilliamsmn@nyu.edu,25711Jessica,Wallace,1-(815)334-6873,8 Fairview Circle,fakeCity,Illinois,jwallacemo@gmpg.org,61105Diana,Knight,1-(402)902-1024,1864 Harper Hill,fakeCity,Nebraska,dknightmp@imgur.com,68164Barbara,Wells,1-(920)847-8196,4 Lukken Crossing,fakeCity,Wisconsin,bwellsmq@cam.ac.uk,54915Mary,King,1-(352)262-3544,895 Independence Trail,fakeCity,Florida,mkingmr@shareasale.com,34474William,Alvarez,1-(941)701-9029,58968 Northfield Street,fakeCity,Florida,walvarezms@springer.com,33982Sharon,Evans,1-(419)913-8910,94729 Mandrake Place,fakeCity,Ohio,sevansmt@google.nl,44905Benjamin,James,1-(914)911-9508,0 Harper Park,fakeCity,New York,bjamesmu@yandex.ru,10606Robin,Hughes,1-(970)884-3985,756 Judy Trail,fakeCity,Colorado,rhughesmv@sfgate.com,80525Nicholas,Gomez,1-(253)940-0107,33694 Burning Wood Avenue,fakeCity,Washington,ngomezmw@qq.com,98411Aaron,West,1-(217)478-8270,325 Mifflin Place,fakeCity,Illinois,awestmx@europa.eu,62711Steve,Bradley,1-(765)179-9565,44 Pennsylvania Hill,fakeCity,Indiana,sbradleymy@paypal.com,47306Jeremy,Robinson,1-(208)721-4354,2475 Pennsylvania Way,fakeCity,Idaho,jrobinsonmz@spiegel.de,83722Justin,Gonzales,1-(215)831-4472,18 Prairie Rose Point,fakeCity,Pennsylvania,jgonzalesn0@list-manage.com,19131Joan,Alvarez,1-(518)156-4728,73 Manley Street,fakeCity,New York,jalvarezn1@redcross.org,12305Judith,Murphy,1-(937)544-7006,34640 Roth Circle,fakeCity,Ohio,jmurphyn2@nyu.edu,45470Patricia,Ryan,1-(254)864-7342,91178 Golf View Avenue,fakeCity,Texas,pryann3@fc2.com,76544Scott,Day,1-(703)458-9072,9 Heffernan Street,fakeCity,District of Columbia,sdayn4@about.me,20041Mary,Romero,1-(903)833-2721,4 Esch Point,fakeCity,Texas,mromeron5@washingtonpost.com,75710Judy,Moreno,1-(225)567-4994,060 Raven Park,fakeCity,Louisiana,jmorenon6@thetimes.co.uk,70810Susan,Kennedy,1-(616)519-4157,9166 Dottie Hill,fakeCity,Michigan,skennedyn7@apache.org,49560Frank,Black,1-(303)374-1945,5282 Rusk Junction,fakeCity,Colorado,fblackn8@amazonaws.com,80044Patrick,Riley,1-(203)293-6296,3760 Beilfuss Drive,fakeCity,Connecticut,prileyn9@1und1.de,6606Thomas,Dean,1-(415)237-4033,5 Spaight Trail,fakeCity,California,tdeanna@europa.eu,94154Anna,Martinez,1-(214)638-9260,8322 Drewry Trail,fakeCity,Texas,amartineznb@squarespace.com,75323Jessica,Hudson,1-(415)590-5505,7682 Mayer Street,fakeCity,California,jhudsonnc@miibeian.gov.cn,94616Tammy,Bishop,1-(408)170-3926,07 Utah Park,fakeCity,California,tbishopnd@shutterfly.com,95133Daniel,Walker,1-(901)934-3505,36802 Esker Drive,fakeCity,Tennessee,dwalkerne@uiuc.edu,38188Gloria,Reynolds,1-(785)954-7758,567 Crest Line Junction,fakeCity,Kansas,greynoldsnf@ucoz.ru,66611Brian,Griffin,1-(254)515-1833,4 Loftsgordon Trail,fakeCity,Texas,bgriffinng@walmart.com,76796Phillip,Woods,1-(404)548-0553,3 Prairie Rose Hill,fakeCity,Georgia,pwoodsnh@shop-pro.jp,30306Deborah,Ray,1-(352)687-6884,04568 Westerfield Trail,fakeCity,Florida,drayni@pbs.org,32610Frank,Hunter,1-(917)392-8027,0 Warrior Plaza,fakeCity,New York,fhunternj@dailymotion.com,10165Gerald,Mitchell,1-(626)342-1643,467 Buhler Parkway,fakeCity,California,gmitchellnk@163.com,91131Sara,Tucker,1-(713)769-8595,77 Logan Court,fakeCity,Texas,stuckernl@liveinternet.ru,77250Eugene,Barnes,1-(214)383-9043,55293 Derek Plaza,fakeCity,Texas,ebarnesnm@slashdot.org,75185Mary,Little,1-(281)909-7337,355 Miller Street,fakeCity,Texas,mlittlenn@psu.edu,77505Linda,Stephens,1-(559)260-7410,2741 7th Park,fakeCity,California,lstephensno@fastcompany.com,93762Victor,Fisher,1-(912)747-0042,84 Transport Trail,fakeCity,Georgia,vfishernp@friendfeed.com,31405Stephanie,Boyd,1-(410)540-0310,672 Montana Place,fakeCity,Maryland,sboydnq@businesswire.com,21265Betty,Garcia,1-(830)867-2387,29367 Arizona Point,fakeCity,Texas,bgarcianr@samsung.com,78245Kathy,Shaw,1-(212)152-2788,14550 Towne Pass,fakeCity,New York,kshawns@bloomberg.com,11254Ashley,Owens,1-(513)909-9033,95824 Twin Pines Point,fakeCity,Ohio,aowensnt@gizmodo.com,45254Donna,Larson,1-(214)314-7514,0 Sunnyside Alley,fakeCity,Texas,dlarsonnu@rediff.com,75226Craig,Kelly,1-(661)835-8742,96931 Farragut Plaza,fakeCity,California,ckellynv@princeton.edu,93591Earl,Fuller,1-(402)536-3676,0541 Bartillon Circle,fakeCity,Nebraska,efullernw@hugedomains.com,68164Carlos,Cooper,1-(650)621-9910,92 Anthes Avenue,fakeCity,California,ccoopernx@soup.io,94042Melissa,Simmons,1-(336)439-5805,4608 Claremont Park,fakeCity,North Carolina,msimmonsny@gnu.org,27415Ruby,Gordon,1-(209)903-6049,50859 Sycamore Way,fakeCity,California,rgordonnz@godaddy.com,93291Judith,Bradley,1-(330)690-5128,26 Shasta Way,fakeCity,Ohio,jbradleyo0@mac.com,44315Amanda,Rivera,1-(571)381-7880,0707 Norway Maple Lane,fakeCity,Virginia,ariverao1@canalblog.com,22212Larry,Campbell,1-(559)176-5081,778 Old Gate Lane,fakeCity,California,lcampbello2@chron.com,93786Jason,Simmons,1-(816)324-1018,2 Oak Court,fakeCity,Missouri,jsimmonso3@hao123.com,64109Tammy,George,1-(605)725-4468,889 Kingsford Road,fakeCity,South Dakota,tgeorgeo4@examiner.com,57188Betty,King,1-(408)636-3702,51851 Lindbergh Park,fakeCity,California,bkingo5@whitehouse.gov,95194Brandon,Murphy,1-(352)780-0637,871 Farwell Junction,fakeCity,Florida,bmurphyo6@tinypic.com,34611Anthony,Wallace,1-(337)433-9595,0844 2nd Plaza,fakeCity,Louisiana,awallaceo7@themeforest.net,70505Marilyn,Burke,1-(571)327-0887,09 Laurel Way,fakeCity,Virginia,mburkeo8@sina.com.cn,22313Katherine,Sanchez,1-(559)278-2699,578 Arkansas Lane,fakeCity,California,ksanchezo9@nydailynews.com,93778Bobby,Flores,1-(910)961-8261,59 Independence Road,fakeCity,North Carolina,bfloresoa@shinystat.com,28405Sarah,Mendoza,1-(305)174-5863,646 Anhalt Alley,fakeCity,Florida,smendozaob@imdb.com,33028John,Dunn,1-(412)626-3899,78 Northridge Park,fakeCity,Pennsylvania,jdunnoc@mit.edu,15225Ernest,Williamson,1-(937)461-0053,4187 Columbus Circle,fakeCity,Ohio,ewilliamsonod@flavors.me,45470Justin,Greene,1-(423)855-8769,530 Rockefeller Circle,fakeCity,Tennessee,jgreeneoe@elpais.com,37665Sean,Gardner,1-(303)391-4764,33 Thackeray Lane,fakeCity,Colorado,sgardnerof@blogtalkradio.com,80255Louis,Perez,1-(763)440-1176,2 Northwestern Point,fakeCity,Minnesota,lperezog@washington.edu,55572Louise,Bailey,1-(202)881-0960,2766 Fallview Road,fakeCity,District of Columbia,lbaileyoh@mozilla.com,20557Pamela,Clark,1-(234)584-4294,15 Coolidge Place,fakeCity,Ohio,pclarkoi@wunderground.com,44393Jacqueline,Garcia,1-(952)422-9457,89469 Moland Lane,fakeCity,Minnesota,jgarciaoj@sphinn.com,55423Dorothy,Greene,1-(234)650-5395,840 Randy Crossing,fakeCity,Ohio,dgreeneok@deliciousdays.com,44720Marilyn,Alexander,1-(216)478-7099,433 Boyd Lane,fakeCity,Ohio,malexanderol@miitbeian.gov.cn,44197Anne,Ellis,1-(757)448-4819,2042 Emmet Court,fakeCity,Virginia,aellisom@unc.edu,23668Shawn,Gonzales,1-(323)217-6406,8 Ronald Regan Avenue,fakeCity,California,sgonzaleson@scientificamerican.com,90094Martha,Wagner,1-(212)739-0377,20336 Acker Court,fakeCity,New York,mwagneroo@alexa.com,10165Larry,Reynolds,1-(404)473-3008,7525 Anzinger Pass,fakeCity,Georgia,lreynoldsop@dailymotion.com,30392Walter,Marshall,1-(304)611-1382,19574 Kennedy Point,fakeCity,West Virginia,wmarshalloq@economist.com,25711Brandon,Vasquez,1-(260)709-4989,09093 Carey Park,fakeCity,Indiana,bvasquezor@vkontakte.ru,46867Fred,Russell,1-(813)621-6029,648 Scott Avenue,fakeCity,Florida,frussellos@stumbleupon.com,33680Timothy,Gonzalez,1-(801)394-8011,26843 Cardinal Circle,fakeCity,Utah,tgonzalezot@weather.com,84409Michael,Fields,1-(915)652-0177,5077 Westridge Lane,fakeCity,Texas,mfieldsou@1688.com,79950Margaret,Torres,1-(405)140-3159,7 Mallory Center,fakeCity,Oklahoma,mtorresov@tinypic.com,73147Mildred,Hernandez,1-(727)264-0442,39 Mccormick Plaza,fakeCity,Florida,mhernandezow@technorati.com,33742Joseph,Richardson,1-(330)788-3367,8154 Kings Trail,fakeCity,Ohio,jrichardsonox@marriott.com,44705Brian,Henry,1-(757)253-2997,36508 Graceland Parkway,fakeCity,Virginia,bhenryoy@geocities.jp,23454Tina,Murphy,1-(202)238-7432,54 Springs Parkway,fakeCity,District of Columbia,tmurphyoz@nsw.gov.au,20540Charles,Ramos,1-(951)689-5628,5 Shasta Road,fakeCity,California,cramosp0@booking.com,92513Jacqueline,Perez,1-(661)600-8196,82 Forest Run Pass,fakeCity,California,jperezp1@china.com.cn,93591Anthony,Wheeler,1-(806)484-8813,5458 Sherman Parkway,fakeCity,Texas,awheelerp2@wp.com,79165Shawn,Bell,1-(513)371-6636,0 Vernon Court,fakeCity,Ohio,sbellp3@ihg.com,45233Diana,Bradley,1-(217)840-6653,3 Barby Terrace,fakeCity,Illinois,dbradleyp4@nbcnews.com,62705Angela,Davis,1-(619)457-5329,6 Knutson Lane,fakeCity,California,adavisp5@dedecms.com,92115Nancy,Burke,1-(402)966-0030,78437 Pennsylvania Road,fakeCity,Nebraska,nburkep6@trellian.com,68124Marie,Wagner,1-(215)675-6498,14 Bowman Road,fakeCity,Pennsylvania,mwagnerp7@businessweek.com,19131Benjamin,Thomas,1-(601)115-2400,81226 Mendota Plaza,fakeCity,Mississippi,bthomasp8@techcrunch.com,39210Katherine,Andrews,1-(808)672-4991,99 Atwood Plaza,fakeCity,Hawaii,kandrewsp9@shutterfly.com,96840Shirley,Fuller,1-(352)948-2844,67 Oriole Junction,fakeCity,Florida,sfullerpa@europa.eu,34605Eric,Jones,1-(704)257-8031,6 Anthes Trail,fakeCity,North Carolina,ejonespb@phoca.cz,28210Jeffrey,Stevens,1-(360)993-2323,38 School Place,fakeCity,Washington,jstevenspc@constantcontact.com,98682James,Scott,1-(786)360-8577,29907 Northview Way,fakeCity,Florida,jscottpd@artisteer.com,33153Juan,Henderson,1-(915)893-2985,16 Moland Terrace,fakeCity,Texas,jhendersonpe@cbsnews.com,88579Cynthia,Hanson,1-(312)867-7034,19 Lighthouse Bay Avenue,fakeCity,Illinois,chansonpf@lycos.com,60674William,Watson,1-(518)452-8573,71 Miller Way,fakeCity,New York,wwatsonpg@nbcnews.com,12210Daniel,Hicks,1-(816)503-1366,10931 Johnson Plaza,fakeCity,Missouri,dhicksph@shareasale.com,64179Alice,Stone,1-(802)435-9779,66 Dottie Alley,fakeCity,Vermont,astonepi@harvard.edu,5609Samuel,Martin,1-(314)262-6825,371 Macpherson Plaza,fakeCity,Missouri,smartinpj@mit.edu,63104Aaron,Diaz,1-(850)797-9684,8 Sutherland Court,fakeCity,Florida,adiazpk@weibo.com,32399Chris,Hayes,1-(754)327-7790,660 Bartelt Park,fakeCity,Florida,chayespl@wikispaces.com,33336Jennifer,Chavez,1-(215)447-1367,41 Bunting Crossing,fakeCity,Pennsylvania,jchavezpm@shinystat.com,19125Sarah,Gonzalez,1-(513)154-0587,2229 Lillian Pass,fakeCity,Ohio,sgonzalezpn@prlog.org,45223Marilyn,Hill,1-(305)519-8407,33 Del Sol Point,fakeCity,Florida,mhillpo@nbcnews.com,33141Helen,Richards,1-(217)814-9917,53011 Browning Alley,fakeCity,Illinois,hrichardspp@123-reg.co.uk,62718Jennifer,Stone,1-(206)188-7525,960 Randy Hill,fakeCity,Washington,jstonepq@sphinn.com,98127Jeremy,Campbell,1-(202)495-4667,457 Arizona Court,fakeCity,District of Columbia,jcampbellpr@behance.net,20057Craig,Bishop,1-(520)783-9778,37 Lindbergh Lane,fakeCity,Arizona,cbishopps@altervista.org,85720Wanda,Harris,1-(520)214-1208,96377 Moose Lane,fakeCity,Arizona,wharrispt@quantcast.com,85754Willie,Russell,1-(562)158-2433,191 Namekagon Plaza,fakeCity,California,wrussellpu@list-manage.com,90831Amanda,Castillo,1-(512)164-8023,13 Gale Avenue,fakeCity,Texas,acastillopv@blinklist.com,78778Jack,Hansen,1-(504)703-2663,634 Daystar Place,fakeCity,Louisiana,jhansenpw@wisc.edu,70116Amy,Sanders,1-(319)692-2158,22257 Westridge Junction,fakeCity,Iowa,asanderspx@time.com,50706Alan,Holmes,1-(443)303-0853,91660 Dawn Crossing,fakeCity,Maryland,aholmespy@yellowbook.com,21229Willie,Washington,1-(217)603-5909,323 Duke Drive,fakeCity,Illinois,wwashingtonpz@google.com.hk,62723Richard,Wells,1-(212)654-9069,7 High Crossing Street,fakeCity,New York,rwellsq0@g.co,10125Betty,Palmer,1-(608)584-1718,222 Tomscot Park,fakeCity,Wisconsin,bpalmerq1@harvard.edu,53705Jessica,Morgan,1-(818)539-8620,8 Harper Pass,fakeCity,California,jmorganq2@toplist.cz,90510Mary,Lopez,1-(716)321-7339,9 Manitowish Trail,fakeCity,New York,mlopezq3@webs.com,14225Jimmy,Riley,1-(702)632-8947,1 Hoepker Park,fakeCity,Nevada,jrileyq4@seesaa.net,89166Larry,Howell,1-(515)527-3172,2176 Summerview Plaza,fakeCity,Iowa,lhowellq5@sphinn.com,50310Rachel,Webb,1-(757)244-0510,5830 Shopko Terrace,fakeCity,Virginia,rwebbq6@samsung.com,23605Virginia,Cox,1-(316)997-7567,978 Gerald Way,fakeCity,Kansas,vcoxq7@storify.com,67215Ruby,Boyd,1-(302)699-4864,7610 Rowland Terrace,fakeCity,Delaware,rboydq8@cornell.edu,19805Nicholas,Elliott,1-(972)524-1414,9 Hooker Junction,fakeCity,Texas,nelliottq9@cocolog-nifty.com,76210John,White,1-(937)224-6744,53 Crescent Oaks Terrace,fakeCity,Ohio,jwhiteqa@angelfire.com,45414Brenda,Carpenter,1-(619)971-6562,3556 Hermina Junction,fakeCity,California,bcarpenterqb@usgs.gov,92196Carol,Mccoy,1-(614)786-0306,119 Burrows Junction,fakeCity,Ohio,cmccoyqc@pagesperso-orange.fr,43226Jennifer,Hudson,1-(941)847-2617,00230 Russell Street,fakeCity,Florida,jhudsonqd@tumblr.com,34205Louise,Fields,1-(212)618-2386,0725 Chinook Road,fakeCity,New York,lfieldsqe@g.co,10160Norma,Fisher,1-(214)128-3520,17243 Crowley Alley,fakeCity,Texas,nfisherqf@berkeley.edu,75353Paula,Gibson,1-(918)355-5909,61 Sauthoff Pass,fakeCity,Oklahoma,pgibsonqg@facebook.com,74116Alan,Jordan,1-(501)791-2337,050 Declaration Alley,fakeCity,Arkansas,ajordanqh@ebay.co.uk,72209Cheryl,Williamson,1-(703)615-4301,596 Mosinee Street,fakeCity,Virginia,cwilliamsonqi@wikimedia.org,20195Harry,Armstrong,1-(210)472-1569,4 Walton Center,fakeCity,Texas,harmstrongqj@army.mil,78291Rose,Ryan,1-(609)445-6526,16 Morningstar Lane,fakeCity,New Jersey,rryanqk@icq.com,8650Randy,Coleman,1-(410)154-2366,227 Northwestern Center,fakeCity,Maryland,rcolemanql@technorati.com,21281Mark,Harrison,1-(303)972-4682,935 Mockingbird Point,fakeCity,Colorado,mharrisonqm@geocities.com,80262Andrea,Tucker,1-(941)125-6150,79 Debra Hill,fakeCity,Florida,atuckerqn@ibm.com,34233Albert,Cooper,1-(804)732-5374,4 American Ash Park,fakeCity,Virginia,acooperqo@digg.com,23208Betty,Rice,1-(206)620-6069,20 Banding Terrace,fakeCity,Washington,briceqp@com.com,98175Diana,Austin,1-(505)103-4980,45 Pankratz Park,fakeCity,New Mexico,daustinqq@apache.org,87140Henry,Ray,1-(918)603-1296,20 Goodland Crossing,fakeCity,Oklahoma,hrayqr@feedburner.com,74156Jeffrey,Hanson,1-(608)499-8858,56 Clemons Circle,fakeCity,Wisconsin,jhansonqs@chicagotribune.com,53716Jimmy,Robertson,1-(915)696-9417,1507 Commercial Way,fakeCity,Texas,jrobertsonqt@fda.gov,88514Justin,Alexander,1-(562)259-5387,65 Warner Crossing,fakeCity,California,jalexanderqu@arizona.edu,90840Ryan,Snyder,1-(520)694-3964,94977 Montana Hill,fakeCity,Arizona,rsnyderqv@wix.com,85754Albert,Roberts,1-(714)982-2209,69242 Little Fleur Park,fakeCity,California,arobertsqw@drupal.org,92710Nancy,Daniels,1-(617)778-7494,56829 Evergreen Lane,fakeCity,Massachusetts,ndanielsqx@dedecms.com,2298Ernest,Morgan,1-(954)284-0765,36 Hooker Place,fakeCity,Florida,emorganqy@i2i.jp,33315Linda,Jacobs,1-(901)916-8891,29 Spenser Hill,fakeCity,Tennessee,ljacobsqz@rambler.ru,38161Lisa,Davis,1-(505)825-7054,4 Hazelcrest Way,fakeCity,New Mexico,ldavisr0@vimeo.com,87105Lori,Rogers,1-(317)711-2150,502 Homewood Place,fakeCity,Indiana,lrogersr1@free.fr,46278Harry,Price,1-(484)450-9181,49 Anhalt Street,fakeCity,Pennsylvania,hpricer2@eventbrite.com,19610Louise,Hudson,1-(504)114-2322,770 Leroy Park,fakeCity,Louisiana,lhudsonr3@yale.edu,70142Lisa,Campbell,1-(517)740-9629,2937 Blackbird Lane,fakeCity,Michigan,lcampbellr4@narod.ru,48912Irene,Morrison,1-(661)129-1609,74084 Everett Parkway,fakeCity,California,imorrisonr5@ucla.edu,93399Mildred,Harrison,1-(727)514-2958,3707 Carberry Hill,fakeCity,Florida,mharrisonr6@yahoo.com,33777Martha,Jones,1-(585)978-9523,88 Hudson Terrace,fakeCity,New York,mjonesr7@4shared.com,14609Sandra,Medina,1-(716)968-6852,38309 Crescent Oaks Parkway,fakeCity,New York,smedinar8@eventbrite.com,14263Barbara,Hunter,1-(903)626-0181,24 Randy Lane,fakeCity,Texas,bhunterr9@google.nl,75799Kathleen,Romero,1-(704)597-3484,079 Lakeland Plaza,fakeCity,North Carolina,kromerora@so-net.ne.jp,28299Irene,Kennedy,1-(863)519-5662,100 Union Drive,fakeCity,Florida,ikennedyrb@home.pl,33805Edward,Bowman,1-(406)764-7401,07286 West Parkway,fakeCity,Montana,ebowmanrc@harvard.edu,59806Bonnie,Black,1-(816)747-3590,8 Lukken Trail,fakeCity,Missouri,bblackrd@oaic.gov.au,64149Patrick,Boyd,1-(763)879-2554,2412 Delaware Street,fakeCity,Minnesota,pboydre@jigsy.com,55598Laura,Armstrong,1-(808)528-0114,7 Forest Avenue,fakeCity,Hawaii,larmstrongrf@hibu.com,96820Richard,Mitchell,1-(202)783-4606,74094 Holmberg Street,fakeCity,District of Columbia,rmitchellrg@tamu.edu,20430Thomas,Lewis,1-(515)412-4987,3 Myrtle Crossing,fakeCity,Iowa,tlewisrh@ebay.co.uk,50393Bruce,Gutierrez,1-(910)719-4580,46977 Pennsylvania Pass,fakeCity,North Carolina,bgutierrezri@discuz.net,28305Kimberly,Howard,1-(413)290-0237,28 Pepper Wood Point,fakeCity,Massachusetts,khowardrj@sciencedirect.com,1129Paul,Phillips,1-(857)556-7425,53651 Del Mar Lane,fakeCity,Massachusetts,pphillipsrk@xing.com,2142Raymond,Bennett,1-(508)956-0884,02 Golf Course Court,fakeCity,Massachusetts,rbennettrl@wsj.com,1610Jane,Burns,1-(786)154-7579,63 Ryan Crossing,fakeCity,Florida,jburnsrm@admin.ch,33153Albert,Gutierrez,1-(214)239-6869,91 Daystar Alley,fakeCity,Texas,agutierrezrn@un.org,75367Barbara,Ramirez,1-(716)620-7153,06 Sachs Hill,fakeCity,New York,bramirezro@pbs.org,14215Justin,James,1-(919)269-3431,7 Raven Drive,fakeCity,North Carolina,jjamesrp@patch.com,27717Justin,Knight,1-(816)226-0723,229 Garrison Road,fakeCity,Missouri,jknightrq@blogtalkradio.com,64504Shawn,Arnold,1-(918)685-5908,7 David Pass,fakeCity,Oklahoma,sarnoldrr@google.com.au,74156